APPLICATION_ID,NEW_SUBTYPE_ID,UNIT_TYPE_ID,PP_PLAN_ID
1,0,2,
1,7,2,6278
1,11,2,6308
1,12,2,6272
1,14,2,604
1,15,2,641
1,16,2,6272
1,17,2,6276
1,18,2,6280
1,21,2,6283
1,24,2,6286
1,25,2,6288
1,28,2,6289
1,29,2,6291
1,32,2,6292
1,33,2,6294
1,36,2,6295
1,37,2,6298
1,40,2,6299
1,41,2,1473
1,42,2,1490
1,51,2,1623
1,52,2,6293
1,53,2,1691
1,61,2,1723
1,62,2,1748
1,63,2,1773
1,64,2,1798
1,65,2,1830
1,67,2,1866
1,68,2,1900
1,74,2,6278
1,75,2,6278
1,76,2,1691
1,83,2,2122
1,84,2,2158
1,85,2,
1,86,2,2221
1,87,2,2252
1,88,2,2283
1,89,2,2314
1,90,2,2345
1,91,2,2438
1,92,2,2376
1,93,2,2407
1,94,2,2469
1,95,2,6269
1,96,2,6270
1,97,2,6271
1,100,2,6273
1,101,2,6274
1,102,2,6275
1,105,2,6277
1,106,2,6278
1,107,2,6279
1,110,2,6281
1,111,2,6282
1,112,2,6285
1,113,2,1691
1,114,2,3081
1,115,2,30
1,116,2,1691
1,117,2,3205
1,118,2,3257
1,119,2,3295
1,120,2,1691
1,121,2,3365
1,123,2,3396
1,127,2,6278
1,128,2,6294
1,130,2,3626
1,131,2,3658
1,132,2,3689
1,133,2,3726
1,300,2,1691
1,301,2,6294
1,302,2,1691
1,303,2,4802
1,304,2,4836
1,305,2,4865
1,306,2,4902
1,307,2,4902
1,308,2,4976
1,309,2,1691
1,358,2,
1,359,2,
1,360,2,
1,361,2,
1,362,2,
1,363,2,
1,364,2,
1,365,2,
1,366,2,
1,367,2,
1,373,2,6296
1,374,2,6293
1,375,2,6290
1,376,2,6287
1,377,2,6284
1,398,2,
1,399,2,
1,400,2,
1,401,2,6293
1,402,2,6293
1,403,2,6293
1,418,2,
1,438,2,5308
1,478,2,
1,479,2,
1,480,2,
1,500,2,6303
1,538,2,6301
1,539,2,6304
1,559,2,
1,560,2,
1,578,2,6300
1,579,2,6302
1,580,2,
1,581,2,5468
1,638,2,
1,639,2,
1,641,2,5590
1,642,2,5591
1,658,2,
1,659,2,5628
1,752,2,
1,753,2,5701
1,762,2,
1,764,2,
1,765,2,
1,766,2,
1,767,2,
1,778,2,
1,779,2,6275
1,780,2,6279
1,781,2,6279
1,782,2,6279
1,818,2,
1,819,2,
1,820,2,6294
1,821,2,6294
1,858,2,
1,878,2,
1,879,2,
1,880,2,
1,881,2,
1,882,2,
1,883,2,
1,884,2,
1,885,2,
1,898,2,
1,899,2,
1,900,2,5928
1,918,2,
1,919,2,
1,920,2,5969
1,921,2,6278
1,958,2,
1,959,2,
1,961,2,6128
1,998,2,
1,1018,2,
1,1019,2,
1,1020,2,
1,1038,2,
1,1039,2,
1,1040,2,6270
1,1041,2,6270
1,1078,2,
1,1079,2,
1,1080,2,
1,1081,2,
1,1082,2,
1,1083,2,6348
1,1084,2,6349
1,1085,2,6350
1,1086,2,6351
1,1087,2,6352
1,1088,2,
1,1102,2,
1,1103,2,
1,1104,2,6371
1,1105,2,6372
1,1118,2,6388
1,1138,2,
1,1139,2,6328
1,1163,2,
1,1165,2,6352
1,1167,2,6351
1,1168,2,6351
1,1178,2,
1,1179,2,
1,1180,2,
1,1181,2,
1,1182,2,
1,1183,2,
1,1184,2,
1,1185,2,
1,1186,2,
1,1187,2,
1,1188,2,
1,1189,2,6457
1,1190,2,6458
1,1191,2,6448
1,1192,2,6449
1,1193,2,6450
1,1194,2,6451
1,1195,2,6452
1,1196,2,6453
1,1197,2,6454
1,1198,2,6455
1,1199,2,6456
1,1200,2,
1,1201,2,
1,1202,2,
1,1203,2,
1,1204,2,
1,1205,2,
1,1206,2,
1,1207,2,
1,1208,2,
1,1217,2,
1,1218,2,
1,1219,2,
1,1220,2,6455
1,1221,2,6476
1,1238,2,
1,1239,2,6455
1,1258,2,
1,1259,2,6352
1,1278,2,
1,1279,2,6548
1,1298,2,
1,1299,2,
1,1300,2,
1,1301,2,
1,1302,2,
1,1303,2,
1,1304,2,6568
1,1305,2,6569
1,1306,2,6570
1,1307,2,6571
1,1308,2,6572
1,1309,2,6573
1,1318,2,
1,1338,2,
1,1339,2,
1,1340,2,6688
1,1341,2,6689
1,1379,2,
1,1380,2,
1,1381,2,6709
1,1382,2,6708
1,1398,2,
1,1399,2,4865
1,1418,2,
1,1419,2,
1,1421,2,6729
1,1458,2,
1,1459,2,
1,1460,2,6279
1,1461,2,6294
1,1466,2,
1,1467,2,6275
1,1478,2,
1,1479,2,
1,1480,2,4860
1,1481,2,6733
1,1498,2,
1,1499,2,1686
1,1519,2,6274
1,1520,2,6348
1,1521,2,6274
1,1522,2,6349
1,1523,2,6274
1,1524,2,6274
1,1525,2,6349
1,1526,2,6348
1,1528,2,6352
1,1538,2,
1,1558,2,
1,1586,2,
1,1587,2,
1,1588,2,
1,1589,2,
1,1598,2,
1,1599,2,
1,1600,2,6352
1,1601,2,6352
1,1618,2,
1,1619,2,
1,1638,2,
1,1639,2,6352
1,1658,2,
1,1659,2,
1,1660,2,
1,1661,2,
1,1662,2,6287
1,1663,2,6290
1,1664,2,6287
1,1665,2,6290
1,1678,2,
1,1679,2,7039
1,1698,2,
1,1819,2,
1,1820,2,
1,1821,2,
1,1822,2,
1,1858,2,
1,1859,2,
1,1860,2,
1,1878,2,
1,1879,2,
1,1880,2,
1,1881,2,
1,1882,2,
1,1883,2,
1,1884,2,
1,1885,2,
1,1886,2,
1,1887,2,
1,1888,2,
1,1889,2,
1,1890,2,
1,1891,2,
1,1892,2,6288
1,1893,2,6279
1,1894,2,6275
1,1895,2,
1,1896,2,6275
1,1897,2,6291
1,1898,2,6291
1,1899,2,6288
1,1900,2,6291
1,1901,2,6291
1,1902,2,6288
1,1903,2,6291
1,1904,2,6291
1,1912,2,6294
1,1920,2,6294
1,1932,2,
1,1938,2,6279
1,1958,2,
1,1959,2,
1,1979,2,
1,1998,2,7288
1,1999,2,7297
1,2000,2,7289
1,2001,2,7290
1,2002,2,7291
1,2003,2,7292
1,2004,2,7293
1,2005,2,7294
1,2006,2,7295
1,2007,2,
1,2038,2,
1,2058,2,
1,2059,2,6294
1,2098,2,7389
1,2118,2,10348
1,2119,2,9244
1,2120,2,9111
1,2121,2,
1,2138,2,
1,2142,2,7469
1,2143,2,
1,2158,2,7488
1,2159,2,7489
1,2160,2,7490
1,2161,2,7491
1,2162,2,7492
1,2163,2,7493
1,2164,2,7494
1,2165,2,7495
1,2166,2,7496
1,2167,2,7497
1,2168,2,7498
1,2169,2,7499
1,2170,2,7500
1,2171,2,7501
1,2172,2,7502
1,2173,2,7503
1,2174,2,7504
1,2175,2,7505
1,2176,2,7506
1,2177,2,7507
1,2178,2,7508
1,2179,2,7509
1,2180,2,7510
1,2181,2,7511
1,2182,2,7512
1,2183,2,7513
1,2184,2,7514
1,2185,2,7515
1,2186,2,7516
1,2187,2,7517
1,2188,2,7518
1,2189,2,7519
1,2190,2,7520
1,2191,2,7521
1,2192,2,7522
1,2193,2,7523
1,2194,2,7524
1,2195,2,7525
1,2196,2,7526
1,2197,2,7527
1,2198,2,7528
1,2199,2,7529
1,2200,2,7530
1,2201,2,7531
1,2202,2,7532
1,2203,2,7533
1,2204,2,7534
1,2205,2,7535
1,2206,2,7536
1,2207,2,7537
1,2208,2,7538
1,2209,2,7539
1,2210,2,7540
1,2211,2,7541
1,2212,2,7542
1,2213,2,7543
1,2214,2,7544
1,2215,2,7545
1,2216,2,7546
1,2217,2,7547
1,2218,2,7548
1,2219,2,7549
1,2220,2,7550
1,2221,2,7551
1,2222,2,7552
1,2223,2,7553
1,2224,2,7554
1,2225,2,7555
1,2226,2,7556
1,2227,2,7557
1,2228,2,7558
1,2229,2,7559
1,2230,2,7560
1,2231,2,7561
1,2232,2,7562
1,2233,2,7563
1,2234,2,7564
1,2235,2,7565
1,2236,2,7566
1,2237,2,7567
1,2238,2,7568
1,2239,2,7569
1,2240,2,7570
1,2241,2,7571
1,2242,2,7572
1,2243,2,7573
1,2244,2,7574
1,2245,2,7575
1,2246,2,7576
1,2247,2,7577
1,2248,2,7578
1,2249,2,7579
1,2250,2,7580
1,2251,2,7581
1,2252,2,7582
1,2253,2,7583
1,2254,2,7584
1,2255,2,7585
1,2256,2,7586
1,2257,2,7587
1,2258,2,7588
1,2259,2,7589
1,2260,2,7590
1,2261,2,7591
1,2262,2,7592
1,2263,2,7593
1,2264,2,7594
1,2265,2,7595
1,2266,2,7596
1,2267,2,7597
1,2268,2,7598
1,2269,2,7599
1,2270,2,7600
1,2271,2,7601
1,2272,2,7602
1,2273,2,7603
1,2274,2,7604
1,2275,2,7605
1,2276,2,7606
1,2277,2,7607
1,2278,2,7608
1,2279,2,7609
1,2280,2,7610
1,2281,2,7611
1,2282,2,7612
1,2283,2,7613
1,2284,2,7614
1,2285,2,7615
1,2286,2,7616
1,2287,2,7617
1,2288,2,7618
1,2289,2,7619
1,2290,2,7620
1,2291,2,7621
1,2292,2,7622
1,2293,2,7623
1,2294,2,7624
1,2295,2,7625
1,2296,2,7626
1,2297,2,7627
1,2298,2,7628
1,2299,2,7629
1,2300,2,7630
1,2301,2,7631
1,2302,2,7632
1,2303,2,7633
1,2304,2,7634
1,2305,2,7635
1,2306,2,7636
1,2307,2,7637
1,2308,2,7638
1,2309,2,7639
1,2310,2,7640
1,2311,2,7641
1,2312,2,7642
1,2313,2,7643
1,2314,2,7644
1,2315,2,7645
1,2316,2,7646
1,2317,2,7647
1,2318,2,7648
1,2319,2,7649
1,2320,2,7650
1,2321,2,7651
1,2322,2,7652
1,2323,2,7653
1,2324,2,7654
1,2325,2,7655
1,2326,2,7656
1,2327,2,7657
1,2328,2,7658
1,2329,2,7659
1,2330,2,7660
1,2331,2,7661
1,2332,2,7662
1,2333,2,7663
1,2334,2,7664
1,2335,2,7665
1,2336,2,7666
1,2337,2,7667
1,2338,2,7668
1,2339,2,7669
1,2340,2,7670
1,2341,2,7671
1,2342,2,7672
1,2343,2,7673
1,2344,2,7674
1,2345,2,7675
1,2346,2,7676
1,2347,2,7677
1,2348,2,7678
1,2349,2,7679
1,2350,2,7680
1,2351,2,7681
1,2352,2,7682
1,2353,2,7683
1,2354,2,7684
1,2355,2,7685
1,2356,2,7686
1,2357,2,7687
1,2358,2,7688
1,2359,2,7689
1,2360,2,7690
1,2361,2,7691
1,2362,2,7692
1,2363,2,7693
1,2364,2,7694
1,2365,2,7695
1,2366,2,7696
1,2367,2,7697
1,2368,2,7698
1,2369,2,7699
1,2370,2,7700
1,2371,2,7701
1,2372,2,7702
1,2373,2,7703
1,2374,2,7704
1,2375,2,7705
1,2376,2,7706
1,2377,2,7707
1,2378,2,7708
1,2379,2,7709
1,2380,2,7710
1,2381,2,7711
1,2382,2,7712
1,2383,2,7713
1,2384,2,7714
1,2385,2,7715
1,2386,2,7716
1,2387,2,7717
1,2388,2,7718
1,2389,2,7719
1,2390,2,7720
1,2391,2,7721
1,2392,2,7722
1,2393,2,7723
1,2394,2,7724
1,2395,2,7725
1,2396,2,7726
1,2397,2,7727
1,2398,2,7728
1,2399,2,7729
1,2400,2,7730
1,2401,2,7731
1,2402,2,7732
1,2403,2,7733
1,2404,2,7734
1,2405,2,7735
1,2406,2,7736
1,2407,2,7737
1,2408,2,7738
1,2409,2,7739
1,2410,2,7740
1,2411,2,7741
1,2412,2,7742
1,2413,2,7743
1,2414,2,7744
1,2415,2,7745
1,2416,2,7746
1,2417,2,7747
1,2418,2,7748
1,2419,2,7749
1,2420,2,7750
1,2421,2,7751
1,2422,2,7752
1,2423,2,7753
1,2424,2,7754
1,2425,2,7755
1,2426,2,7756
1,2427,2,7757
1,2428,2,7758
1,2429,2,7759
1,2430,2,7760
1,2431,2,7761
1,2432,2,7762
1,2433,2,7763
1,2434,2,7764
1,2435,2,7765
1,2436,2,7766
1,2437,2,7767
1,2438,2,7768
1,2439,2,7769
1,2440,2,7770
1,2441,2,7771
1,2442,2,7772
1,2443,2,7773
1,2444,2,7774
1,2445,2,7775
1,2446,2,7776
1,2447,2,7777
1,2448,2,7778
1,2449,2,7779
1,2450,2,7780
1,2451,2,7781
1,2452,2,7782
1,2453,2,7783
1,2454,2,7784
1,2455,2,7785
1,2456,2,7786
1,2457,2,7787
1,2458,2,7788
1,2459,2,7789
1,2460,2,7790
1,2461,2,7791
1,2462,2,7792
1,2463,2,7793
1,2464,2,7794
1,2465,2,7795
1,2466,2,7796
1,2467,2,7797
1,2468,2,7798
1,2469,2,7799
1,2470,2,7800
1,2471,2,7801
1,2472,2,7802
1,2473,2,7803
1,2474,2,7804
1,2475,2,7805
1,2476,2,7806
1,2477,2,7807
1,2478,2,7808
1,2479,2,7809
1,2480,2,7810
1,2481,2,7811
1,2482,2,7812
1,2483,2,7813
1,2484,2,7814
1,2485,2,7815
1,2486,2,7816
1,2487,2,7817
1,2488,2,7818
1,2489,2,7819
1,2490,2,7820
1,2491,2,7821
1,2492,2,7822
1,2493,2,7823
1,2494,2,7824
1,2495,2,7825
1,2496,2,7826
1,2497,2,7827
1,2498,2,7828
1,2499,2,7829
1,2500,2,7830
1,2501,2,7831
1,2502,2,7832
1,2503,2,7833
1,2504,2,7834
1,2505,2,7835
1,2506,2,7836
1,2507,2,7837
1,2508,2,7838
1,2509,2,7839
1,2510,2,7840
1,2511,2,7841
1,2512,2,7842
1,2513,2,7843
1,2514,2,7844
1,2515,2,7845
1,2516,2,7846
1,2517,2,7847
1,2518,2,7848
1,2519,2,7849
1,2520,2,7850
1,2521,2,7851
1,2522,2,7852
1,2523,2,7853
1,2524,2,7854
1,2525,2,7855
1,2526,2,7856
1,2527,2,7857
1,2528,2,7858
1,2529,2,7859
1,2530,2,7860
1,2531,2,7861
1,2538,2,7868
1,3138,2,8474
1,3139,2,8475
1,3140,2,8476
1,3141,2,8477
1,3142,2,8478
1,3143,2,8479
1,3144,2,8480
1,3145,2,8481
1,3146,2,8482
1,3147,2,8483
1,3148,2,8484
1,3149,2,8485
1,3150,2,8486
1,3151,2,8487
1,3152,2,8488
1,3153,2,8489
1,3154,2,8490
1,3155,2,8491
1,3156,2,8492
1,3157,2,8493
1,3158,2,8494
1,3159,2,8495
1,3160,2,8496
1,3161,2,8497
1,3162,2,8498
1,3163,2,8499
1,3164,2,8500
1,3165,2,8501
1,3166,2,8502
1,3167,2,8503
1,3168,2,8504
1,3169,2,8505
1,3170,2,8506
1,3171,2,8507
1,3172,2,8508
1,3173,2,8509
1,3174,2,8510
1,3175,2,8511
1,3176,2,8512
1,3177,2,8513
1,3178,2,8514
1,3179,2,8515
1,3180,2,8516
1,3181,2,8517
1,3182,2,8518
1,3183,2,8519
1,3184,2,8520
1,3185,2,8521
1,3186,2,8522
1,3187,2,8523
1,3188,2,8524
1,3189,2,8525
1,3190,2,8526
1,3191,2,8527
1,3192,2,8528
1,3193,2,8529
1,3194,2,8530
1,3195,2,8531
1,3196,2,8532
1,3197,2,8533
1,3198,2,8534
1,3199,2,8535
1,3200,2,8536
1,3201,2,8537
1,3202,2,8538
1,3203,2,8539
1,3204,2,8540
1,3205,2,8541
1,3206,2,8542
1,3207,2,8543
1,3208,2,8544
1,3209,2,8545
1,3210,2,8546
1,3211,2,8547
1,3212,2,8548
1,3213,2,8549
1,3214,2,8550
1,3215,2,8551
1,3216,2,8552
1,3217,2,8553
1,3218,2,8554
1,3219,2,8555
1,3220,2,8556
1,3221,2,8557
1,3222,2,8558
1,3223,2,8559
1,3224,2,8560
1,3225,2,8561
1,3226,2,8562
1,3227,2,8563
1,3228,2,8564
1,3229,2,8565
1,3230,2,8566
1,3231,2,8567
1,3232,2,8568
1,3233,2,8569
1,3234,2,8570
1,3235,2,8571
1,3236,2,8572
1,3237,2,8573
1,3238,2,8574
1,3239,2,8575
1,3240,2,8576
1,3241,2,8577
1,3242,2,8578
1,3243,2,8579
1,3244,2,8580
1,3245,2,8581
1,3246,2,8582
1,3247,2,8583
1,3248,2,8584
1,3249,2,8585
1,3250,2,8586
1,3251,2,8587
1,3252,2,8588
1,3253,2,8589
1,3254,2,8590
1,3255,2,8591
1,3256,2,8592
1,3257,2,8593
1,3258,2,8594
1,3259,2,8595
1,3260,2,8596
1,3261,2,8597
1,3262,2,8598
1,3263,2,8599
1,3264,2,8600
1,3265,2,8601
1,3266,2,8602
1,3267,2,8603
1,3268,2,8604
1,3269,2,8605
1,3270,2,8606
1,3271,2,8607
1,3272,2,8608
1,3273,2,8609
1,3274,2,8610
1,3275,2,8611
1,3276,2,8612
1,3277,2,8613
1,3278,2,8614
1,3279,2,8615
1,3280,2,8616
1,3281,2,8617
1,3282,2,8618
1,3283,2,8619
1,3284,2,8620
1,3285,2,8621
1,3286,2,8622
1,3287,2,8623
1,3288,2,8624
1,3289,2,8625
1,3290,2,8626
1,3291,2,8627
1,3292,2,8628
1,3293,2,8629
1,3294,2,8630
1,3295,2,8631
1,3296,2,8632
1,3297,2,8633
1,3298,2,8634
1,3299,2,8635
1,3300,2,8636
1,3301,2,8637
1,3302,2,8638
1,3303,2,8639
1,3304,2,8640
1,3305,2,8641
1,3306,2,8642
1,3307,2,8643
1,3308,2,8644
1,3309,2,8645
1,3310,2,8646
1,3311,2,8647
1,3312,2,8648
1,3313,2,8649
1,3314,2,8650
1,3315,2,8651
1,3316,2,8652
1,3317,2,8653
1,3318,2,8654
1,3319,2,8655
1,3320,2,8656
1,3321,2,8657
1,3322,2,8658
1,3323,2,8659
1,3324,2,8660
1,3325,2,8661
1,3326,2,8662
1,3327,2,8663
1,3328,2,8664
1,3329,2,8665
1,3330,2,8666
1,3331,2,8667
1,3332,2,8668
1,3333,2,8669
1,3334,2,8670
1,3335,2,8671
1,3336,2,8672
1,3337,2,8673
1,3338,2,8674
1,3339,2,8675
1,3340,2,8676
1,3341,2,8677
1,3342,2,8678
1,3343,2,8679
1,3344,2,8680
1,3345,2,8681
1,3346,2,8682
1,3347,2,8683
1,3348,2,8684
1,3349,2,8685
1,3350,2,8686
1,3351,2,8687
1,3352,2,8688
1,3353,2,8689
1,3354,2,8690
1,3355,2,8691
1,3356,2,8692
1,3357,2,8693
1,3358,2,8694
1,3359,2,8695
1,3360,2,8696
1,3361,2,8697
1,3362,2,8698
1,3363,2,8699
1,3364,2,8700
1,3365,2,8701
1,3366,2,8702
1,3367,2,8703
1,3368,2,8704
1,3369,2,8705
1,3370,2,8706
1,3371,2,8707
1,3372,2,8708
1,3373,2,8709
1,3374,2,8710
1,3375,2,8711
1,3376,2,8712
1,3377,2,8713
1,3378,2,8714
1,3379,2,8715
1,3380,2,8716
1,3381,2,8717
1,3382,2,8718
1,3383,2,8719
1,3384,2,8720
1,3385,2,8721
1,3386,2,8722
1,3387,2,8723
1,3388,2,8724
1,3389,2,8725
1,3390,2,8726
1,3391,2,8727
1,3392,2,8728
1,3393,2,8729
1,3394,2,8730
1,3395,2,8731
1,3396,2,8732
1,3397,2,8733
1,3398,2,8734
1,3399,2,8735
1,3400,2,8736
1,3401,2,8737
1,3402,2,8738
1,3403,2,8739
1,3404,2,8740
1,3405,2,8741
1,3406,2,8742
1,3407,2,8743
1,3408,2,8744
1,3409,2,8745
1,3410,2,8746
1,3411,2,8747
1,3412,2,8748
1,3413,2,8749
1,3414,2,8750
1,3415,2,8751
1,3416,2,8752
1,3417,2,8753
1,3418,2,8754
1,3419,2,8755
1,3420,2,8756
1,3421,2,8757
1,3422,2,8758
1,3423,2,8759
1,3424,2,8760
1,3425,2,8761
1,3426,2,8762
1,3427,2,8763
1,3428,2,8764
1,3429,2,8765
1,3430,2,8766
1,3431,2,8767
1,3432,2,8768
1,3433,2,8769
1,3434,2,8770
1,3435,2,8771
1,3436,2,8772
1,3437,2,8773
1,3438,2,8774
1,3439,2,8775
1,3440,2,8776
1,3441,2,8777
1,3442,2,8778
1,3443,2,8779
1,3444,2,8780
1,3445,2,8781
1,3446,2,8782
1,3447,2,8783
1,3448,2,8784
1,3449,2,8785
1,3450,2,8786
1,3451,2,8787
1,3452,2,8788
1,3453,2,8789
1,3454,2,8790
1,3455,2,8791
1,3456,2,8792
1,3457,2,8793
1,3458,2,8794
1,3459,2,8795
1,3460,2,8796
1,3461,2,8797
1,3462,2,8798
1,3463,2,8799
1,3464,2,8800
1,3465,2,8801
1,3466,2,8802
1,3467,2,8803
1,3468,2,8804
1,3469,2,8805
1,3470,2,8806
1,3471,2,8807
1,3472,2,8808
1,3473,2,8809
1,3474,2,8810
1,3475,2,8811
1,3476,2,8812
1,3477,2,8813
1,3478,2,8814
1,3479,2,8815
1,3480,2,8816
1,3481,2,8817
1,3482,2,8818
1,3483,2,8819
1,3484,2,8820
1,3485,2,8821
1,3486,2,8822
1,3487,2,8823
1,3488,2,8824
1,3489,2,8825
1,3490,2,8826
1,3491,2,8827
1,3492,2,8828
1,3493,2,8829
1,3494,2,8830
1,3495,2,8831
1,3496,2,8832
1,3497,2,8833
1,3498,2,8834
1,3499,2,8835
1,3500,2,8836
1,3501,2,8837
1,3502,2,8838
1,3503,2,8839
1,3504,2,8840
1,3505,2,8841
1,3506,2,8842
1,3507,2,8843
1,3508,2,8844
1,3509,2,8845
1,3510,2,8846
1,3511,2,8847
1,3512,2,8848
1,3513,2,8849
1,3514,2,8850
1,3515,2,8851
1,3516,2,8852
1,3517,2,8853
1,3518,2,8854
1,3519,2,8855
1,3520,2,8856
1,3521,2,8857
1,3522,2,8858
1,3523,2,8859
1,3524,2,8860
1,3525,2,8861
1,3526,2,8862
1,3527,2,8863
1,3528,2,8864
1,3529,2,8865
1,3530,2,8866
1,3531,2,8867
1,3532,2,8868
1,3533,2,8869
1,3534,2,8870
1,3535,2,8871
1,3536,2,8872
1,3537,2,8873
1,3538,2,8874
1,3539,2,8875
1,3540,2,8876
1,3541,2,8877
1,3542,2,8878
1,3543,2,8879
1,3544,2,8880
1,3545,2,8881
1,3546,2,8882
1,3547,2,8883
1,3548,2,8884
1,3549,2,8885
1,3550,2,8886
1,3551,2,8887
1,3552,2,8888
1,3553,2,8889
1,3554,2,8890
1,3555,2,8891
1,3556,2,8892
1,3557,2,8893
1,3558,2,8894
1,3559,2,8895
1,3560,2,8896
1,3561,2,8897
1,3562,2,8898
1,3563,2,8899
1,3564,2,8900
1,3565,2,8901
1,3566,2,8902
1,3567,2,8903
1,3568,2,8904
1,3569,2,8905
1,3570,2,8906
1,3571,2,8907
1,3572,2,8908
1,3573,2,8909
1,3574,2,8910
1,3575,2,8911
1,3576,2,8912
1,3577,2,8913
1,3578,2,8914
1,3579,2,8915
1,3580,2,8916
1,3581,2,8917
1,3582,2,8918
1,3583,2,8919
1,3584,2,8920
1,3585,2,8921
1,3586,2,8922
1,3587,2,8923
1,3588,2,8924
1,3589,2,8925
1,3590,2,8926
1,3591,2,8927
1,3592,2,8928
1,3593,2,8929
1,3594,2,8930
1,3595,2,8931
1,3596,2,8932
1,3597,2,8933
1,3598,2,8934
1,3599,2,8935
1,3600,2,8936
1,3601,2,8937
1,3602,2,8938
1,3603,2,8939
1,3604,2,8940
1,3605,2,8941
1,3606,2,8942
1,3607,2,8943
1,3608,2,8944
1,3609,2,8945
1,3610,2,8946
1,3611,2,8947
1,3612,2,8948
1,3613,2,8949
1,3614,2,8950
1,3615,2,8951
1,3616,2,8952
1,3617,2,8953
1,3618,2,8954
1,3619,2,8955
1,3620,2,8956
1,3621,2,8957
1,3622,2,8958
1,3623,2,8959
1,3624,2,8960
1,3625,2,8961
1,3626,2,8962
1,3627,2,8963
1,3628,2,8964
1,3629,2,8965
1,3630,2,8966
1,3631,2,8967
1,3632,2,8968
1,3633,2,8969
1,3634,2,8970
1,3635,2,8971
1,3636,2,8972
1,3637,2,8973
1,3638,2,8974
1,3639,2,8975
1,3640,2,8976
1,3641,2,8977
1,3642,2,8978
1,3643,2,8979
1,3644,2,8980
1,3645,2,8981
1,3646,2,8982
1,3647,2,8983
1,3648,2,8984
1,3649,2,8985
1,3650,2,8986
1,3651,2,8987
1,3652,2,8988
1,3653,2,8989
1,3654,2,8990
1,3655,2,8991
1,3656,2,8992
1,3657,2,8993
1,3658,2,8994
1,3659,2,8995
1,3660,2,8996
1,3661,2,8997
1,3662,2,8998
1,3663,2,8999
1,3664,2,9000
1,3665,2,9001
1,3666,2,9002
1,3667,2,9003
1,3668,2,9004
1,3669,2,9005
1,3670,2,9006
1,3671,2,9007
1,3672,2,9008
1,3673,2,9009
1,3674,2,9010
1,3675,2,9011
1,3676,2,9012
1,3677,2,9013
1,3678,2,9014
1,3679,2,9015
1,3680,2,9016
1,3681,2,9017
1,3682,2,9018
1,3683,2,9019
1,3684,2,9020
1,3685,2,9021
1,3686,2,9022
1,3687,2,9023
1,3688,2,9024
1,3689,2,9025
1,3690,2,9026
1,3691,2,9027
1,3692,2,9028
1,3693,2,9029
1,3694,2,9030
1,3695,2,9031
1,3696,2,9032
1,3697,2,9033
1,3698,2,9034
1,3699,2,9035
1,3700,2,9036
1,3701,2,9037
1,3702,2,9038
1,3703,2,9039
1,3718,2,9048
1,3719,2,9049
1,3720,2,9050
1,3721,2,9051
1,3722,2,9052
1,3723,2,9053
1,3724,2,9054
1,3725,2,9055
1,3726,2,9056
1,3727,2,9057
1,3728,2,9058
1,3729,2,9059
1,3730,2,9060
1,3731,2,9061
1,3732,2,9062
1,3733,2,9063
1,3734,2,9064
1,3735,2,9065
1,3736,2,9066
1,3737,2,9067
1,3738,2,9068
1,3739,2,9069
1,3740,2,9070
1,3741,2,9071
1,3742,2,9072
1,3743,2,9073
1,3744,2,9074
1,3745,2,9075
1,3746,2,9076
1,3747,2,9077
1,3748,2,9078
1,3749,2,9079
1,3750,2,9080
1,3751,2,9081
1,3752,2,9082
1,3753,2,9083
1,3754,2,9084
1,3755,2,9085
1,3756,2,9086
1,3757,2,9087
1,3758,2,9088
1,3759,2,9089
1,3760,2,9090
1,3761,2,9091
1,3762,2,9092
1,3763,2,9093
1,3764,2,9094
1,3765,2,9095
1,3766,2,9096
1,3767,2,9097
1,3768,2,9098
1,3769,2,9099
1,3770,2,9100
1,3771,2,9101
1,3772,2,9102
1,3773,2,9103
1,3774,2,9104
1,3775,2,9105
1,3776,2,9106
1,3777,2,9107
1,3778,2,9108
1,3779,2,9109
1,3780,2,9110
1,3781,2,9112
1,3782,2,9113
1,3783,2,9114
1,3784,2,9115
1,3785,2,9116
1,3786,2,9117
1,3787,2,9118
1,3788,2,9119
1,3789,2,9120
1,3790,2,9121
1,3791,2,9122
1,3792,2,9123
1,3793,2,9124
1,3794,2,9125
1,3795,2,9126
1,3796,2,9127
1,3797,2,9128
1,3798,2,9129
1,3799,2,9130
1,3800,2,9131
1,3801,2,9132
1,3802,2,9133
1,3803,2,9134
1,3804,2,9135
1,3805,2,9136
1,3806,2,9137
1,3807,2,9138
1,3808,2,9139
1,3809,2,9140
1,3810,2,9141
1,3811,2,9142
1,3812,2,9143
1,3813,2,9144
1,3814,2,9145
1,3815,2,9146
1,3816,2,9147
1,3817,2,9148
1,3818,2,9149
1,3819,2,9150
1,3820,2,9151
1,3821,2,9152
1,3822,2,9153
1,3823,2,9154
1,3824,2,9155
1,3825,2,9156
1,3826,2,9157
1,3827,2,9158
1,3828,2,9159
1,3829,2,9160
1,3830,2,9161
1,3831,2,9162
1,3832,2,9163
1,3833,2,9164
1,3834,2,9165
1,3835,2,9166
1,3836,2,9167
1,3837,2,9168
1,3838,2,9169
1,3839,2,9170
1,3840,2,9171
1,3841,2,9172
1,3842,2,9173
1,3843,2,9174
1,3844,2,9175
1,3845,2,9176
1,3846,2,9177
1,3847,2,9178
1,3848,2,9179
1,3849,2,9180
1,3850,2,9181
1,3851,2,9182
1,3852,2,9183
1,3853,2,9184
1,3854,2,9185
1,3855,2,9186
1,3856,2,9187
1,3857,2,9188
1,3858,2,9189
1,3859,2,9190
1,3860,2,9191
1,3861,2,9192
1,3862,2,9193
1,3863,2,9194
1,3864,2,9195
1,3865,2,9196
1,3866,2,9197
1,3867,2,9198
1,3868,2,9199
1,3869,2,9200
1,3870,2,9201
1,3871,2,9202
1,3872,2,9203
1,3873,2,9204
1,3874,2,9205
1,3875,2,9206
1,3876,2,9207
1,3877,2,9208
1,3878,2,9209
1,3879,2,9210
1,3880,2,9211
1,3881,2,9212
1,3882,2,9213
1,3883,2,9214
1,3884,2,9215
1,3885,2,9216
1,3886,2,9217
1,3887,2,9218
1,3888,2,9219
1,3889,2,9220
1,3890,2,9221
1,3891,2,9222
1,3892,2,9223
1,3893,2,9224
1,3894,2,9225
1,3895,2,9226
1,3896,2,9227
1,3897,2,9228
1,3898,2,9229
1,3899,2,9230
1,3900,2,9231
1,3901,2,9232
1,3902,2,9233
1,3903,2,9234
1,3904,2,9235
1,3905,2,9236
1,3906,2,9237
1,3907,2,9238
1,3908,2,9239
1,3909,2,9240
1,3910,2,9241
1,3911,2,9242
1,3912,2,9243
1,3913,2,9245
1,3914,2,9246
1,3915,2,9247
1,3916,2,9248
1,3917,2,9249
1,3918,2,9250
1,3919,2,9251
1,3920,2,9252
1,3921,2,9253
1,3922,2,9254
1,3923,2,9255
1,3924,2,9256
1,3925,2,9257
1,3926,2,9258
1,3927,2,9259
1,3928,2,9260
1,3929,2,9261
1,3930,2,9262
1,3931,2,9263
1,3932,2,9264
1,3933,2,9265
1,3934,2,9266
1,3935,2,9267
1,3936,2,9268
1,3937,2,9269
1,3938,2,9270
1,3939,2,9271
1,3940,2,9272
1,3941,2,9273
1,3942,2,9274
1,3943,2,9275
1,3944,2,9276
1,3945,2,9277
1,3946,2,9278
1,3947,2,9279
1,3948,2,9280
1,3949,2,9281
1,3950,2,9282
1,3951,2,9283
1,3952,2,9284
1,3953,2,9285
1,3958,2,9289
1,3959,2,9290
1,3960,2,9291
1,3961,2,9292
1,3962,2,9293
1,3963,2,9294
1,3964,2,9288
1,3978,2,9308
1,3998,2,9328
1,3999,2,9329
1,4000,2,9330
1,4001,2,9331
1,4002,2,9332
1,4003,2,9333
1,4004,2,9334
1,4005,2,9335
1,4006,2,9336
1,4007,2,9337
1,4008,2,9338
1,4009,2,9339
1,4010,2,9340
1,4011,2,9341
1,4012,2,9342
1,4013,2,9343
1,4014,2,9344
1,4015,2,9345
1,4016,2,9346
1,4017,2,9347
1,4018,2,9348
1,4019,2,9349
1,4020,2,9350
1,4021,2,9351
1,4022,2,9352
1,4023,2,9353
1,4024,2,9354
1,4025,2,9355
1,4026,2,9356
1,4027,2,9357
1,4028,2,9358
1,4029,2,9359
1,4030,2,9360
1,4031,2,9361
1,4032,2,9362
1,4033,2,9363
1,4034,2,9364
1,4035,2,9365
1,4036,2,9366
1,4037,2,9367
1,4038,2,9368
1,4039,2,9369
1,4040,2,9370
1,4041,2,9371
1,4042,2,9372
1,4043,2,9373
1,4044,2,9374
1,4045,2,9375
1,4046,2,9376
1,4047,2,9377
1,4048,2,9378
1,4049,2,9379
1,4050,2,9380
1,4051,2,9381
1,4052,2,9382
1,4053,2,9383
1,4054,2,9384
1,4055,2,9385
1,4056,2,9386
1,4057,2,9387
1,4058,2,9388
1,4059,2,9389
1,4060,2,9390
1,4061,2,9391
1,4062,2,9392
1,4063,2,9393
1,4064,2,9394
1,4065,2,9395
1,4066,2,9396
1,4067,2,9397
1,4068,2,9398
1,4069,2,9399
1,4070,2,9400
1,4071,2,9401
1,4072,2,9402
1,4073,2,9403
1,4074,2,9404
1,4075,2,9405
1,4076,2,9406
1,4077,2,9407
1,4078,2,9408
1,4079,2,9409
1,4080,2,9410
1,4081,2,9411
1,4082,2,9412
1,4083,2,9413
1,4084,2,9414
1,4085,2,9415
1,4086,2,9416
1,4087,2,9417
1,4088,2,9418
1,4089,2,9419
1,4090,2,9420
1,4091,2,9421
1,4092,2,9422
1,4093,2,9423
1,4094,2,9424
1,4095,2,9425
1,4096,2,9426
1,4097,2,9427
1,4098,2,9428
1,4099,2,9429
1,4100,2,9430
1,4101,2,9431
1,4102,2,9432
1,4103,2,9433
1,4104,2,9434
1,4105,2,9435
1,4106,2,9436
1,4107,2,9437
1,4108,2,9438
1,4109,2,9439
1,4110,2,9440
1,4111,2,9441
1,4112,2,9442
1,4113,2,9443
1,4114,2,9444
1,4115,2,9445
1,4116,2,9446
1,4117,2,9447
1,4118,2,9448
1,4119,2,9449
1,4120,2,9450
1,4121,2,9451
1,4122,2,9452
1,4123,2,9453
1,4124,2,9454
1,4125,2,9455
1,4126,2,9456
1,4127,2,9457
1,4128,2,9458
1,4129,2,9459
1,4130,2,9460
1,4131,2,9461
1,4132,2,9462
1,4133,2,9463
1,4134,2,9464
1,4135,2,9465
1,4136,2,9466
1,4137,2,9467
1,4138,2,9468
1,4139,2,9469
1,4140,2,9470
1,4141,2,9471
1,4142,2,9472
1,4143,2,9473
1,4144,2,9474
1,4145,2,9475
1,4146,2,9476
1,4147,2,9477
1,4148,2,9478
1,4149,2,9479
1,4150,2,9480
1,4151,2,9481
1,4152,2,9482
1,4153,2,9483
1,4154,2,9484
1,4155,2,9485
1,4156,2,9486
1,4157,2,9487
1,4158,2,9488
1,4159,2,9489
1,4160,2,9490
1,4161,2,9491
1,4162,2,9492
1,4163,2,9493
1,4164,2,9494
1,4165,2,9495
1,4166,2,9496
1,4167,2,9497
1,4168,2,9498
1,4169,2,9499
1,4170,2,9500
1,4171,2,9501
1,4172,2,9502
1,4173,2,9503
1,4174,2,9504
1,4175,2,9505
1,4176,2,9506
1,4177,2,9507
1,4178,2,9508
1,4179,2,9509
1,4180,2,9510
1,4181,2,9511
1,4182,2,9512
1,4183,2,9513
1,4184,2,9514
1,4185,2,9515
1,4186,2,9516
1,4187,2,9517
1,4188,2,9518
1,4189,2,9519
1,4190,2,9520
1,4191,2,9521
1,4192,2,9522
1,4193,2,9523
1,4194,2,9524
1,4195,2,9525
1,4196,2,9526
1,4197,2,9527
1,4198,2,9528
1,4199,2,9529
1,4200,2,9530
1,4201,2,9531
1,4202,2,9532
1,4203,2,9533
1,4204,2,9534
1,4205,2,9535
1,4206,2,9536
1,4207,2,9537
1,4208,2,9538
1,4209,2,9539
1,4210,2,9540
1,4211,2,9541
1,4212,2,9542
1,4213,2,9543
1,4214,2,9544
1,4215,2,9545
1,4216,2,9546
1,4217,2,9547
1,4218,2,9548
1,4219,2,9549
1,4220,2,9550
1,4221,2,9551
1,4222,2,9552
1,4223,2,9553
1,4224,2,9554
1,4225,2,9555
1,4226,2,9556
1,4227,2,9557
1,4228,2,9558
1,4229,2,9559
1,4230,2,9560
1,4231,2,9561
1,4232,2,9562
1,4238,2,9568
1,4239,2,9569
1,4240,2,9570
1,4241,2,9571
1,4242,2,9572
1,4243,2,9573
1,4244,2,9574
1,4245,2,9575
1,4246,2,9576
1,4247,2,9577
1,4248,2,9578
1,4249,2,9579
1,4250,2,9580
1,4251,2,9581
1,4252,2,9582
1,4253,2,9583
1,4254,2,9584
1,4255,2,9585
1,4256,2,9586
1,4257,2,9587
1,4258,2,9588
1,4259,2,9589
1,4260,2,9590
1,4261,2,9591
1,4262,2,9592
1,4263,2,9593
1,4264,2,9594
1,4265,2,9595
1,4266,2,9596
1,4267,2,9597
1,4268,2,9598
1,4269,2,9599
1,4270,2,9600
1,4271,2,9601
1,4272,2,9602
1,4273,2,9603
1,4274,2,9604
1,4275,2,9605
1,4276,2,9606
1,4277,2,9607
1,4278,2,9608
1,4279,2,9609
1,4280,2,9610
1,4281,2,9611
1,4282,2,9612
1,4283,2,9613
1,4284,2,9614
1,4298,2,
1,4299,2,
1,4318,2,9708
1,4338,2,
1,4339,2,
1,4340,2,
1,4341,2,
1,4342,2,
1,4343,2,
1,4344,2,
1,4352,2,
1,4358,2,9748
1,4359,2,9749
1,4360,2,9750
1,4361,2,9751
1,4362,2,9752
1,4363,2,9753
1,4364,2,9754
1,4365,2,9755
1,4366,2,9756
1,4367,2,9757
1,4368,2,9758
1,4369,2,9759
1,4370,2,9760
1,4371,2,9761
1,4372,2,9762
1,4373,2,9763
1,4374,2,9764
1,4375,2,9765
1,4376,2,9766
1,4377,2,9767
1,4378,2,9768
1,4379,2,9769
1,4380,2,9770
1,4381,2,9771
1,4382,2,9772
1,4383,2,9773
1,4384,2,9774
1,4385,2,9775
1,4386,2,9776
1,4387,2,9777
1,4388,2,9778
1,4389,2,9779
1,4390,2,9780
1,4391,2,9781
1,4392,2,9782
1,4393,2,9783
1,4394,2,9784
1,4395,2,9785
1,4396,2,9786
1,4397,2,9787
1,4398,2,9788
1,4399,2,9789
1,4400,2,9790
1,4401,2,9791
1,4402,2,9792
1,4403,2,9793
1,4404,2,9794
1,4405,2,9795
1,4406,2,9796
1,4407,2,9797
1,4408,2,9798
1,4409,2,9799
1,4410,2,9800
1,4411,2,9801
1,4412,2,9802
1,4413,2,9803
1,4414,2,9804
1,4415,2,9805
1,4416,2,9806
1,4417,2,9807
1,4418,2,9808
1,4419,2,9809
1,4420,2,9810
1,4421,2,9811
1,4422,2,9812
1,4423,2,9813
1,4424,2,9814
1,4425,2,9815
1,4426,2,9816
1,4427,2,9817
1,4428,2,9818
1,4429,2,9819
1,4430,2,9820
1,4431,2,9821
1,4432,2,9822
1,4433,2,9823
1,4434,2,9824
1,4435,2,9825
1,4436,2,9826
1,4437,2,9827
1,4438,2,9828
1,4439,2,9829
1,4440,2,9830
1,4441,2,9831
1,4442,2,9832
1,4443,2,9833
1,4444,2,9834
1,4445,2,9835
1,4446,2,9836
1,4447,2,9837
1,4448,2,9838
1,4449,2,9839
1,4450,2,9840
1,4451,2,9841
1,4452,2,9842
1,4453,2,9843
1,4454,2,9844
1,4455,2,9845
1,4456,2,9846
1,4457,2,9847
1,4458,2,9848
1,4459,2,9849
1,4460,2,9850
1,4461,2,9851
1,4462,2,9852
1,4463,2,9853
1,4464,2,9854
1,4465,2,9855
1,4466,2,9856
1,4467,2,9857
1,4468,2,9858
1,4469,2,9859
1,4470,2,9860
1,4471,2,9861
1,4472,2,9862
1,4473,2,9863
1,4474,2,9864
1,4475,2,9865
1,4476,2,9866
1,4477,2,9867
1,4478,2,9868
1,4479,2,9869
1,4480,2,9870
1,4481,2,9871
1,4482,2,9872
1,4483,2,9873
1,4484,2,9874
1,4485,2,9875
1,4486,2,9876
1,4487,2,9877
1,4488,2,9878
1,4489,2,9879
1,4490,2,9880
1,4491,2,9881
1,4492,2,9882
1,4493,2,9883
1,4494,2,9884
1,4495,2,9885
1,4496,2,9886
1,4497,2,9887
1,4498,2,9888
1,4499,2,9889
1,4500,2,9890
1,4501,2,9891
1,4502,2,9892
1,4503,2,9893
1,4504,2,9894
1,4505,2,9895
1,4506,2,9896
1,4507,2,9897
1,4508,2,9898
1,4509,2,9899
1,4510,2,9900
1,4511,2,9901
1,4512,2,9902
1,4513,2,9903
1,4514,2,9904
1,4515,2,9905
1,4516,2,9906
1,4517,2,9907
1,4518,2,9908
1,4519,2,9909
1,4520,2,9910
1,4521,2,9911
1,4522,2,9912
1,4523,2,9913
1,4524,2,9914
1,4525,2,9915
1,4526,2,9916
1,4527,2,9917
1,4528,2,9918
1,4529,2,9919
1,4530,2,9920
1,4531,2,9921
1,4532,2,9922
1,4533,2,9923
1,4534,2,9924
1,4535,2,9925
1,4536,2,9926
1,4537,2,9927
1,4538,2,9928
1,4539,2,9929
1,4540,2,9930
1,4541,2,9931
1,4542,2,9932
1,4543,2,9933
1,4544,2,9934
1,4545,2,9935
1,4546,2,9936
1,4547,2,9937
1,4548,2,9938
1,4549,2,9939
1,4550,2,9940
1,4551,2,9941
1,4552,2,9942
1,4553,2,9943
1,4554,2,9944
1,4555,2,9945
1,4556,2,9946
1,4557,2,9947
1,4558,2,9948
1,4559,2,9949
1,4560,2,9950
1,4561,2,9951
1,4562,2,9952
1,4563,2,9953
1,4564,2,9954
1,4565,2,9955
1,4566,2,9956
1,4567,2,9957
1,4568,2,9958
1,4569,2,9959
1,4570,2,9960
1,4571,2,9961
1,4572,2,9962
1,4573,2,9963
1,4574,2,9964
1,4575,2,9965
1,4576,2,9966
1,4577,2,9967
1,4578,2,9968
1,4579,2,9969
1,4580,2,9970
1,4581,2,9971
1,4582,2,9972
1,4583,2,9973
1,4584,2,9974
1,4585,2,9975
1,4586,2,9976
1,4587,2,9977
1,4588,2,9978
1,4589,2,9979
1,4590,2,9980
1,4591,2,9981
1,4592,2,9982
1,4593,2,9983
1,4594,2,9984
1,4595,2,9985
1,4596,2,9986
1,4597,2,9987
1,4598,2,9988
1,4599,2,9989
1,4600,2,9990
1,4601,2,9991
1,4602,2,9992
1,4603,2,9993
1,4604,2,9994
1,4605,2,9995
1,4606,2,9996
1,4607,2,9997
1,4608,2,9998
1,4609,2,9999
1,4610,2,10000
1,4611,2,10001
1,4612,2,10002
1,4613,2,10003
1,4614,2,10004
1,4615,2,10005
1,4616,2,10006
1,4617,2,10007
1,4618,2,10008
1,4619,2,10009
1,4620,2,10010
1,4621,2,10011
1,4622,2,10012
1,4623,2,10013
1,4624,2,10014
1,4625,2,10015
1,4626,2,10016
1,4627,2,10017
1,4628,2,10018
1,4629,2,10019
1,4630,2,10020
1,4631,2,10021
1,4632,2,10022
1,4633,2,10023
1,4634,2,10024
1,4635,2,10025
1,4636,2,10026
1,4637,2,10027
1,4638,2,10028
1,4639,2,10029
1,4640,2,10030
1,4641,2,10031
1,4642,2,10032
1,4643,2,10033
1,4644,2,10034
1,4645,2,10035
1,4646,2,10036
1,4647,2,10037
1,4648,2,10038
1,4649,2,10039
1,4650,2,10040
1,4651,2,10041
1,4652,2,10042
1,4653,2,10043
1,4654,2,10044
1,4655,2,10045
1,4656,2,10046
1,4657,2,10047
1,4658,2,10048
1,4659,2,10049
1,4660,2,10050
1,4661,2,10051
1,4662,2,10052
1,4663,2,10053
1,4664,2,10054
1,4665,2,10055
1,4666,2,10056
1,4667,2,10057
1,4668,2,10058
1,4669,2,10059
1,4670,2,10060
1,4671,2,10061
1,4672,2,10062
1,4673,2,10063
1,4674,2,10064
1,4675,2,10065
1,4676,2,10066
1,4677,2,10067
1,4678,2,10068
1,4679,2,10069
1,4680,2,10070
1,4681,2,10071
1,4698,2,10108
1,4718,2,10128
1,4738,2,
1,4758,2,
1,4779,2,
1,4780,2,10188
1,4781,2,10189
1,4782,2,10190
1,4783,2,10191
1,4784,2,10192
1,4785,2,10193
1,4786,2,10194
1,4787,2,10195
1,4788,2,10196
1,4789,2,10197
1,4790,2,10198
1,4791,2,10199
1,4792,2,10200
1,4793,2,10201
1,4794,2,10202
1,4795,2,10203
1,4796,2,10204
1,4797,2,10205
1,4798,2,10206
1,4799,2,10207
1,4800,2,10208
1,4801,2,10209
1,4802,2,10210
1,4803,2,10211
1,4804,2,10212
1,4805,2,10213
1,4806,2,10214
1,4807,2,10215
1,4808,2,10216
1,4809,2,10217
1,4810,2,10218
1,4811,2,10219
1,4812,2,10220
1,4813,2,10221
1,4814,2,10222
1,4815,2,10223
1,4816,2,10224
1,4817,2,10225
1,4818,2,10226
1,4819,2,10227
1,4820,2,10228
1,4821,2,10229
1,4822,2,10230
1,4823,2,10231
1,4824,2,10232
1,4825,2,10233
1,4826,2,10234
1,4827,2,10235
1,4828,2,10236
1,4829,2,10237
1,4830,2,10238
1,4831,2,10239
1,4832,2,10240
1,4833,2,10241
1,4834,2,10242
1,4835,2,10243
1,4836,2,10244
1,4837,2,10245
1,4838,2,10246
1,4839,2,10247
1,4840,2,10248
1,4841,2,10249
1,4842,2,10250
1,4843,2,10251
1,4844,2,10252
1,4845,2,10253
1,4846,2,10254
1,4847,2,10255
1,4848,2,10256
1,4849,2,10257
1,4850,2,10258
1,4851,2,10259
1,4852,2,10260
1,4853,2,10261
1,4854,2,10262
1,4855,2,10263
1,4856,2,10264
1,4857,2,10265
1,4858,2,10266
1,4859,2,10267
1,4860,2,10268
1,4861,2,10269
1,4862,2,10270
1,4863,2,10271
1,4864,2,10272
1,4865,2,10273
1,4866,2,10274
1,4867,2,10275
1,4868,2,10276
1,4869,2,10277
1,4870,2,10278
1,4871,2,10279
1,4872,2,10280
1,4873,2,10281
1,4874,2,10282
1,4875,2,10283
1,4876,2,10284
1,4877,2,10285
1,4878,2,10286
1,4879,2,10287
1,4880,2,10288
1,4881,2,10289
1,4882,2,10290
1,4883,2,10291
1,4884,2,10292
1,4885,2,10293
1,4886,2,10294
1,4887,2,10295
1,4888,2,10296
1,4889,2,10297
1,4890,2,10298
1,4891,2,10299
1,4892,2,10300
1,4893,2,10301
1,4894,2,10302
1,4895,2,10303
1,4896,2,10304
1,4897,2,10305
1,4898,2,10306
1,4899,2,10307
1,4900,2,10308
1,4901,2,10309
1,4902,2,10310
1,4903,2,10311
1,4904,2,10312
1,4905,2,10313
1,4906,2,10314
1,4907,2,10315
1,4908,2,10316
1,4909,2,10317
1,4910,2,10318
1,4911,2,10319
1,4912,2,10320
1,4913,2,10321
1,4914,2,10322
1,4915,2,10323
1,4916,2,10324
1,4917,2,10325
1,4918,2,10326
1,4919,2,10327
1,4920,2,10328
1,4921,2,10329
1,4922,2,10330
1,4923,2,10331
1,4924,2,10332
1,4925,2,10333
1,4926,2,10334
1,4927,2,10335
1,4928,2,10336
1,4929,2,10337
1,4930,2,10338
1,4931,2,10339
1,4932,2,10340
1,4933,2,
1,4934,2,10341
1,4935,2,10342
1,4936,2,10343
1,4937,2,10344
1,4938,2,10345
1,4939,2,10346
1,4940,2,10347
1,4958,2,10368
1,4978,2,
1,4998,2,10437
1,4999,2,10435
1,5000,2,10436
1,5001,2,10438
1,5002,2,10439
1,5020,2,
1,5058,2,10468
1,5078,2,10488
1,5079,2,10489
1,5080,2,10491
1,5081,2,10492
1,5082,2,10493
1,5083,2,10494
1,5084,2,10495
1,5085,2,10496
1,5086,2,10497
1,5087,2,10498
1,5088,2,10499
1,5089,2,10659
1,5090,2,10500
1,5091,2,10501
1,5092,2,10502
1,5093,2,10503
1,5094,2,10504
1,5095,2,10505
1,5096,2,10506
1,5097,2,10507
1,5098,2,10508
1,5099,2,10509
1,5100,2,10510
1,5101,2,10511
1,5102,2,10512
1,5103,2,10513
1,5104,2,10514
1,5105,2,10515
1,5106,2,10516
1,5107,2,10517
1,5108,2,10518
1,5109,2,
1,5110,2,10519
1,5111,2,10520
1,5112,2,10521
1,5113,2,10522
1,5114,2,10523
1,5115,2,10524
1,5116,2,10525
1,5117,2,10526
1,5118,2,10527
1,5119,2,10528
1,5120,2,10529
1,5121,2,10530
1,5122,2,10531
1,5123,2,10532
1,5124,2,10533
1,5125,2,10534
1,5126,2,10535
1,5127,2,10536
1,5128,2,10537
1,5129,2,10538
1,5130,2,10539
1,5131,2,10540
1,5132,2,10541
1,5133,2,10542
1,5134,2,10543
1,5135,2,10544
1,5136,2,10545
1,5137,2,10546
1,5138,2,10547
1,5139,2,10548
1,5140,2,10549
1,5141,2,10550
1,5142,2,10551
1,5143,2,10552
1,5144,2,10553
1,5145,2,10554
1,5146,2,10555
1,5147,2,10556
1,5148,2,10557
1,5149,2,10558
1,5150,2,10559
1,5151,2,10560
1,5152,2,10561
1,5153,2,10562
1,5154,2,10563
1,5155,2,10564
1,5157,2,10566
1,5158,2,10567
1,5159,2,10568
1,5160,2,10569
1,5161,2,10570
1,5162,2,10571
1,5163,2,10572
1,5164,2,10573
1,5165,2,10574
1,5166,2,10575
1,5167,2,10576
1,5168,2,10577
1,5169,2,10578
1,5170,2,10579
1,5171,2,10580
1,5172,2,10581
1,5173,2,10582
1,5174,2,10583
1,5175,2,10584
1,5176,2,10585
1,5177,2,10586
1,5178,2,10587
1,5179,2,10588
1,5180,2,10589
1,5181,2,10590
1,5182,2,10591
1,5183,2,10592
1,5184,2,10595
1,5185,2,10596
1,5186,2,10597
1,5187,2,10598
1,5188,2,10599
1,5189,2,10600
1,5190,2,10618
1,5191,2,10601
1,5192,2,10602
1,5193,2,10603
1,5194,2,10604
1,5195,2,10605
1,5196,2,10606
1,5197,2,10607
1,5198,2,10608
1,5199,2,10609
1,5200,2,10610
1,5201,2,10611
1,5202,2,10612
1,5203,2,10614
1,5204,2,10617
1,5205,2,10632
1,5206,2,10619
1,5207,2,10620
1,5208,2,10630
1,5209,2,10631
1,5210,2,10621
1,5211,2,10622
1,5212,2,10623
1,5213,2,10624
1,5214,2,10625
1,5215,2,10626
1,5216,2,10627
1,5217,2,10628
1,5218,2,10629
1,5219,2,10638
1,5220,2,10641
1,5221,2,10639
1,5222,2,10640
1,5223,2,10644
1,5224,2,10647
1,5225,2,10645
1,5226,2,10646
1,5227,2,10490
1,5228,2,10613
1,5229,2,10650
1,5230,2,10651
1,5231,2,10652
1,5232,2,10615
1,5233,2,10653
1,5234,2,10633
1,5235,2,10635
1,5236,2,10636
1,5237,2,10654
1,5238,2,10655
1,5239,2,10656
1,5240,2,10657
1,5241,2,10658
1,5242,2,10637
1,5258,2,10649
1,5259,2,10593
1,5260,2,10594
1,5261,2,10616
1,5262,2,10634
1,5263,2,10642
1,5264,2,10648
1,5278,2,10668
1,5279,2,10669
1,5280,2,10670
1,5300,2,10710
1,5301,2,10711
1,5318,2,10712
1,5319,2,10713
1,5320,2,10714
1,5321,2,10715
1,5322,2,10716
1,5323,2,10717
1,5324,2,10718
1,5325,2,10719
1,5326,2,10720
1,5327,2,10721
1,5328,2,10722
1,5329,2,10723
1,5330,2,10724
1,5331,2,10725
1,5332,2,10726
1,5333,2,10727
1,5334,2,10728
1,5335,2,10729
1,5336,2,10730
1,5337,2,10731
1,5338,2,10732
1,5339,2,10733
1,5340,2,10734
1,5341,2,10735
1,5342,2,10736
1,5343,2,10737
1,5344,2,10738
1,5345,2,10739
1,5346,2,10740
1,5347,2,10741
1,5348,2,10742
1,5349,2,10743
1,5350,2,10744
1,5351,2,10745
1,5352,2,10746
1,5353,2,10747
1,5354,2,10748
1,5355,2,10749
1,5356,2,10750
1,5357,2,10751
1,5358,2,10752
1,5359,2,10753
1,5360,2,10754
1,5361,2,10755
1,5362,2,10756
1,5363,2,10757
1,5364,2,10758
1,5365,2,10759
1,5366,2,10760
1,5367,2,10761
1,5368,2,10762
1,5369,2,10763
1,5370,2,10764
1,5371,2,10765
1,5372,2,10766
1,5373,2,10767
1,5374,2,10768
1,5375,2,10769
1,5376,2,10770
1,5377,2,10773
1,5378,2,10774
1,5379,2,10775
1,5380,2,10776
1,5381,2,10777
1,5382,2,10778
1,5383,2,10779
1,5384,2,10780
1,5385,2,10781
1,5386,2,10782
1,5387,2,10783
1,5388,2,10784
1,5389,2,10785
1,5390,2,10786
1,5391,2,10787
1,5392,2,10788
1,5393,2,10789
1,5394,2,10790
1,5395,2,10791
1,5396,2,10792
1,5397,2,10793
1,5398,2,10794
1,5399,2,10795
1,5400,2,10796
1,5401,2,10797
1,5402,2,10798
1,5403,2,10799
1,5404,2,10800
1,5405,2,10801
1,5406,2,10802
1,5407,2,10803
1,5408,2,10804
1,5409,2,10805
1,5410,2,10806
1,5411,2,10807
1,5412,2,10808
1,5413,2,10809
1,5414,2,10810
1,5415,2,10811
1,5416,2,10812
1,5417,2,10813
1,5418,2,10814
1,5419,2,10815
1,5420,2,10816
1,5421,2,10817
1,5422,2,10818
1,5423,2,10819
1,5424,2,10820
1,5425,2,10821
1,5426,2,10822
1,5427,2,10823
1,5428,2,10824
1,5429,2,10826
1,5430,2,10827
1,5431,2,10828
1,5432,2,10829
1,5433,2,10830
1,5434,2,10831
1,5435,2,10832
1,5436,2,10833
1,5437,2,10834
1,5438,2,10835
1,5439,2,10836
1,5440,2,10837
1,5441,2,10838
1,5442,2,10839
1,5443,2,10840
1,5444,2,10841
1,5445,2,10842
1,5446,2,10843
1,5447,2,10844
1,5448,2,10845
1,5449,2,10846
1,5450,2,10847
1,5451,2,10848
1,5452,2,10849
1,5453,2,11088
1,5454,2,10850
1,5455,2,10851
1,5456,2,10852
1,5457,2,10853
1,5458,2,10854
1,5459,2,10855
1,5460,2,10856
1,5461,2,10857
1,5462,2,10858
1,5463,2,10859
1,5464,2,10860
1,5465,2,10861
1,5466,2,10862
1,5467,2,10863
1,5468,2,10864
1,5469,2,10865
1,5470,2,10866
1,5471,2,10867
1,5472,2,10868
1,5473,2,10869
1,5474,2,10870
1,5475,2,10871
1,5476,2,10872
1,5477,2,10873
1,5478,2,10874
1,5479,2,10875
1,5480,2,10876
1,5481,2,10877
1,5482,2,10878
1,5483,2,10879
1,5484,2,10880
1,5485,2,10881
1,5486,2,10882
1,5487,2,10883
1,5488,2,10884
1,5489,2,10885
1,5490,2,10886
1,5491,2,10887
1,5492,2,10888
1,5493,2,10889
1,5494,2,10890
1,5495,2,10891
1,5496,2,10892
1,5497,2,10893
1,5498,2,10894
1,5499,2,10895
1,5500,2,10896
1,5501,2,10897
1,5502,2,10898
1,5503,2,10899
1,5504,2,10900
1,5505,2,10901
1,5506,2,10902
1,5507,2,10903
1,5508,2,10904
1,5509,2,10905
1,5510,2,10906
1,5511,2,10907
1,5512,2,10908
1,5513,2,10909
1,5514,2,10910
1,5515,2,10911
1,5516,2,10912
1,5517,2,10913
1,5518,2,10914
1,5519,2,10915
1,5520,2,10916
1,5521,2,10917
1,5522,2,10918
1,5523,2,10919
1,5524,2,10920
1,5525,2,10921
1,5526,2,10922
1,5527,2,10923
1,5528,2,10924
1,5529,2,10925
1,5530,2,
1,5531,2,10926
1,5532,2,10927
1,5533,2,10928
1,5534,2,10929
1,5535,2,10930
1,5536,2,10931
1,5537,2,10932
1,5538,2,10933
1,5539,2,10934
1,5540,2,10935
1,5541,2,10936
1,5542,2,10937
1,5543,2,10938
1,5544,2,10939
1,5545,2,10940
1,5546,2,10941
1,5547,2,10942
1,5548,2,10943
1,5549,2,10944
1,5550,2,10945
1,5551,2,10946
1,5552,2,10947
1,5553,2,10948
1,5554,2,10949
1,5555,2,10950
1,5556,2,10951
1,5557,2,10952
1,5558,2,10953
1,5559,2,10954
1,5560,2,10955
1,5561,2,10956
1,5562,2,10957
1,5563,2,10958
1,5564,2,10959
1,5565,2,10960
1,5566,2,10961
1,5567,2,10962
1,5568,2,10963
1,5569,2,10964
1,5570,2,10965
1,5571,2,10966
1,5572,2,10967
1,5573,2,10968
1,5574,2,10969
1,5575,2,10970
1,5576,2,10971
1,5577,2,10972
1,5578,2,10973
1,5579,2,10974
1,5580,2,10975
1,5581,2,10976
1,5582,2,10977
1,5583,2,10978
1,5584,2,10979
1,5585,2,10980
1,5586,2,10981
1,5587,2,10982
1,5588,2,10983
1,5589,2,10984
1,5590,2,10985
1,5591,2,10986
1,5592,2,10987
1,5593,2,10988
1,5594,2,10989
1,5595,2,10990
1,5596,2,10991
1,5597,2,10992
1,5598,2,10993
1,5599,2,10994
1,5600,2,10995
1,5601,2,10996
1,5602,2,10997
1,5603,2,10998
1,5604,2,10999
1,5605,2,11000
1,5606,2,11001
1,5607,2,11002
1,5608,2,11003
1,5609,2,11004
1,5610,2,11005
1,5611,2,11006
1,5612,2,11007
1,5613,2,11008
1,5614,2,11009
1,5615,2,11010
1,5616,2,11011
1,5617,2,11012
1,5618,2,11013
1,5619,2,11014
1,5620,2,11015
1,5621,2,11016
1,5622,2,11017
1,5623,2,11018
1,5624,2,11019
1,5625,2,11020
1,5626,2,11021
1,5627,2,11022
1,5628,2,11023
1,5629,2,11024
1,5630,2,11025
1,5631,2,11026
1,5632,2,11027
1,5633,2,11028
1,5634,2,11029
1,5635,2,11030
1,5636,2,11031
1,5637,2,11032
1,5638,2,11033
1,5639,2,11034
1,5640,2,11035
1,5641,2,11036
1,5642,2,11037
1,5643,2,11038
1,5644,2,11039
1,5645,2,11040
1,5646,2,11041
1,5647,2,11042
1,5648,2,11043
1,5649,2,11044
1,5650,2,11045
1,5651,2,11046
1,5652,2,11047
1,5653,2,11048
1,5654,2,11049
1,5655,2,11050
1,5656,2,11051
1,5657,2,11052
1,5658,2,11053
1,5659,2,11054
1,5660,2,11055
1,5661,2,11056
1,5662,2,11057
1,5663,2,11058
1,5664,2,11059
1,5665,2,11060
1,5666,2,11061
1,5667,2,11062
1,5668,2,11063
1,5669,2,11064
1,5670,2,11065
1,5671,2,11066
1,5672,2,11067
1,5673,2,11068
1,5674,2,11069
1,5675,2,11070
1,5676,2,11071
1,5677,2,11072
1,5678,2,11073
1,5679,2,11074
1,5680,2,11075
1,5681,2,11076
1,5682,2,11077
1,5683,2,11078
1,5684,2,11079
1,5698,2,
1,5718,2,11128
1,5719,2,11129
1,5720,2,11130
1,5721,2,11131
1,5722,2,11132
1,5723,2,11133
1,5724,2,11134
1,5725,2,11135
1,5726,2,11136
1,5727,2,11137
1,5728,2,11138
1,5729,2,11139
1,5730,2,11140
1,5731,2,11141
1,5732,2,11142
1,5733,2,11143
1,5734,2,11144
2,43,4,1568
2,44,4,1518
2,45,4,4
2,46,4,6
2,47,4,1546
2,48,4,1592
2,49,4,14
2,50,4,16
2,66,4,19
2,69,4,21
2,70,4,23
2,71,4,25
2,72,4,27
2,73,4,1932
2,124,4,32
2,125,4,3457
2,126,4,1932
2,129,4,3597
2,134,4,40
2,135,4,46
2,136,4,42
2,137,4,44
2,138,4,48
2,139,4,50
2,140,4,52
2,141,4,54
2,142,4,56
2,143,4,58
2,144,4,60
2,145,4,62
2,146,4,64
2,147,4,66
2,148,4,68
2,149,4,70
2,150,4,72
2,151,4,74
2,152,4,76
2,153,4,78
2,154,4,80
2,155,4,82
2,156,4,84
2,157,4,86
2,158,4,88
2,159,4,90
2,160,4,92
2,161,4,94
2,162,4,96
2,163,4,98
2,164,4,100
2,165,4,102
2,166,4,104
2,167,4,106
2,168,4,108
2,169,4,110
2,170,4,112
2,171,4,114
2,172,4,116
2,173,4,118
2,174,4,120
2,175,4,122
2,176,4,124
2,177,4,126
2,178,4,128
2,179,4,130
2,180,4,132
2,181,4,134
2,182,4,136
2,183,4,138
2,184,4,144
2,185,4,140
2,186,4,142
2,187,4,146
2,188,4,148
2,189,4,150
2,190,4,152
2,191,4,154
2,192,4,156
2,193,4,158
2,194,4,160
2,195,4,162
2,196,4,164
2,197,4,166
2,198,4,168
2,199,4,170
2,200,4,172
2,201,4,174
2,202,4,176
2,203,4,178
2,204,4,180
2,205,4,182
2,206,4,184
2,207,4,186
2,208,4,188
2,209,4,190
2,210,4,192
2,211,4,194
2,212,4,196
2,213,4,198
2,215,4,201
2,216,4,203
2,217,4,205
2,218,4,207
2,219,4,209
2,221,4,213
2,222,4,215
2,223,4,217
2,224,4,225
2,225,4,219
2,226,4,221
2,227,4,223
2,228,4,233
2,229,4,227
2,230,4,229
2,231,4,231
2,232,4,237
2,233,4,235
2,234,4,239
2,235,4,241
2,236,4,243
2,237,4,245
2,238,4,247
2,239,4,249
2,240,4,251
2,241,4,253
2,242,4,255
2,243,4,257
2,244,4,259
2,245,4,261
2,246,4,263
2,247,4,265
2,248,4,267
2,249,4,269
2,250,4,271
2,251,4,4366
2,252,4,4390
2,253,4,4410
2,254,4,279
2,255,4,4436
2,256,4,4460
2,257,4,4484
2,258,4,4508
2,259,4,289
2,260,4,291
2,261,4,7328
2,262,4,7329
2,263,4,349
2,264,4,296
2,265,4,298
2,266,4,300
2,267,4,302
2,268,4,304
2,269,4,306
2,270,4,308
2,271,4,310
2,273,4,313
2,274,4,315
2,275,4,317
2,276,4,319
2,277,4,321
2,278,4,323
2,279,4,325
2,280,4,327
2,281,4,329
2,282,4,331
2,283,4,333
2,284,4,335
2,285,4,337
2,286,4,339
2,287,4,341
2,288,4,343
2,289,4,345
2,290,4,349
2,291,4,347
2,292,4,351
2,293,4,353
2,294,4,355
2,295,4,3597
2,296,4,4576
2,297,4,4606
2,298,4,363
2,299,4,3457
2,339,4,5048
2,368,4,5090
2,369,4,5091
2,370,4,5089
2,371,4,5088
2,381,4,5268
2,382,4,5269
2,383,4,5270
2,465,4,5328
2,466,4,5329
2,467,4,
2,468,4,5331
2,469,4,5330
2,470,4,5332
2,471,4,5333
2,472,4,5334
2,498,4,5348
2,499,4,5349
2,540,4,5408
2,541,4,5409
2,599,4,
2,600,4,5575
2,643,4,5589
2,760,4,5709
2,761,4,5708
2,800,4,5808
2,801,4,5809
2,859,4,5868
2,886,4,5888
2,887,4,5889
2,888,4,5894
2,889,4,5891
2,890,4,5890
2,891,4,5892
2,892,4,5893
2,893,4,5895
2,938,4,5908
2,962,4,6129
2,999,4,6208
2,1319,4,6588
2,1590,4,6952
2,1591,4,6953
2,1592,4,6954
2,1593,4,6955
2,1755,4,7069
2,1756,4,7068
2,1757,4,7070
2,1758,4,7071
2,1759,4,7072
2,1760,4,7073
2,1761,4,7074
2,1762,4,7075
2,1763,4,7076
2,1764,4,7077
2,1765,4,7078
2,1766,4,7079
2,1767,4,7080
2,1768,4,7081
2,1769,4,7082
2,1770,4,7083
2,1771,4,7084
2,1772,4,7085
2,1773,4,7086
2,1774,4,7087
2,1775,4,7088
2,1776,4,7089
2,1777,4,7090
2,1778,4,7091
2,1779,4,7092
2,1780,4,7093
2,1781,4,7094
2,1782,4,7095
2,1783,4,7096
2,1784,4,7097
2,1785,4,7098
2,1786,4,7100
2,1787,4,7101
2,1788,4,7099
2,1789,4,7102
2,1790,4,7103
2,1791,4,7104
2,1792,4,7105
2,1793,4,7106
2,1794,4,7107
2,1795,4,7108
2,1796,4,7109
2,1797,4,7110
2,1798,4,7111
2,1799,4,7112
2,1800,4,7114
2,1801,4,7113
2,1802,4,7115
2,1803,4,7116
2,1804,4,7117
2,1805,4,7119
2,1806,4,7120
2,1807,4,7121
2,1808,4,7122
2,1809,4,7123
2,1810,4,7118
2,2039,4,7308
2,2141,4,7468
2,2143,4,7470
2,4345,4,9730
2,4346,4,9728
2,4347,4,9733
2,4348,4,9731
2,4349,4,9734
2,4350,4,9732
2,4351,4,9735
2,4353,4,9729
2,4739,4,357
2,4941,4,10349
2,5699,4,6490
3,678,2,5648
3,698,2,5668
3,699,2,5669
3,700,2,5668
3,701,2,5648
3,702,2,5668
3,703,2,5680
3,704,2,5696
3,705,2,5673
3,707,2,5678
3,708,2,5677
3,718,2,5684
3,719,2,5687
3,720,2,5689
3,721,2,5690
3,722,2,5692
3,723,2,5693
3,725,2,5695
3,726,2,5696
3,727,2,5694
3,728,2,5680
3,729,2,5680
3,730,2,5670
3,731,2,5671
3,732,2,5672
3,733,2,5674
3,734,2,5675
3,735,2,5679
3,736,2,5676
3,737,2,5680
3,738,2,5681
3,739,2,5682
3,740,2,5683
3,741,2,5686
3,742,2,5680
3,743,2,5694
3,744,2,5694
3,745,2,5694
3,746,2,5685
3,747,2,5688
3,748,2,5691
3,749,2,5694
3,750,2,5695
3,751,2,5694
3,783,2,5676
3,784,2,5681
3,785,2,5681
3,786,2,5681
3,838,2,5648
3,860,2,5648
3,922,2,5648
3,923,2,5648
3,924,2,5680
3,925,2,5695
3,926,2,5695
3,927,2,5648
3,928,2,5648
3,1059,2,5671
3,1060,2,5671
3,1089,2,6353
3,1090,2,6354
3,1091,2,6355
3,1092,2,6356
3,1093,2,6357
3,1098,2,6368
3,1100,2,6370
3,1101,2,6369
3,1169,2,6357
3,1170,2,6356
3,1209,2,6468
3,1210,2,6469
3,1211,2,6470
3,1212,2,6471
3,1213,2,6472
3,1214,2,6473
3,1215,2,6474
3,1216,2,
3,1260,2,6529
3,1343,2,6689
3,1423,2,5668
3,1460,2,5681
3,1462,2,5695
3,1465,2,5681
3,1468,2,5676
3,1527,2,6352
3,1529,2,5675
3,1530,2,6353
3,1531,2,5675
3,1532,2,6354
3,1533,2,5675
3,1534,2,5675
3,1535,2,6354
3,1536,2,6353
3,1602,2,6352
3,1603,2,6352
3,1620,2,5668
3,1640,2,7009
3,1666,2,6287
3,1667,2,6287
3,1668,2,6290
3,1669,2,6290
3,1680,2,
3,1681,2,5648
3,1839,2,6453
3,1905,2,5689
3,1906,2,6294
3,1907,2,5676
3,1908,2,5681
3,1909,2,5681
3,1910,2,5676
3,1911,2,5695
3,1913,2,5692
3,1914,2,5692
3,1915,2,5689
3,1916,2,5692
3,1917,2,5692
3,1918,2,5692
3,1919,2,5692
3,1921,2,5689
3,1922,2,5694
3,1923,2,5694
3,1924,2,6357
3,1925,2,6352
3,1926,2,6357
3,1928,2,5695
3,1929,2,
3,1930,2,
3,1931,2,
3,2018,2,7288
3,2019,2,7289
3,2020,2,7290
3,2021,2,7291
3,2022,2,7292
3,2023,2,7293
3,2024,2,7295
3,2025,2,7294
3,2026,2,7297
3,2060,2,5695
3,2099,2,7389
5,978,7,6188
5,979,7,6189
5,981,8,
5,5021,3,10449
5,5022,3,10448
