APPLICATION_ID,LOCATION_ID,SPECIAL_FEATURE,NEW_SUBTYPE
1,0,0,0
1,1,0,7
1,5,0,11
1,6,0,12
1,8,0,14
1,9,0,15
1,10,0,16
1,11,0,17
1,12,0,18
1,14,0,2002
1,15,0,21
1,17,0,2003
1,18,0,24
1,21,0,2004
1,22,0,28
1,23,0,29
1,25,0,2005
1,26,0,32
1,27,0,33
1,29,0,2006
1,30,0,36
1,31,0,37
1,33,0,2007
1,34,0,40
1,35,0,41
1,36,0,42
1,45,0,51
1,46,0,52
1,47,0,53
1,47,1,63
1,48,0,64
1,49,0,65
1,51,0,67
1,51,1,62
1,52,0,68
1,54,0,74
1,55,0,75
1,56,0,76
1,56,1,63
1,63,0,83
1,64,0,84
1,64,1,61
1,65,0,85
1,66,0,86
1,67,0,87
1,68,0,88
1,69,0,89
1,70,0,90
1,71,0,91
1,72,0,92
1,73,0,93
1,74,0,94
1,75,0,95
1,76,0,96
1,77,0,97
1,80,0,100
1,81,0,101
1,82,0,102
1,85,0,105
1,86,0,106
1,87,0,107
1,90,0,110
1,91,0,111
1,92,0,112
1,94,0,113
1,95,0,114
1,97,0,115
1,99,0,116
1,99,1,63
1,100,0,117
1,101,0,118
1,102,0,119
1,104,0,120
1,105,0,121
1,108,0,123
1,112,0,127
1,113,0,128
1,115,0,130
1,115,1,63
1,116,0,131
1,117,0,132
1,118,0,133
1,430,0,300
1,430,1,63
1,431,0,301
1,432,0,302
1,432,1,63
1,433,0,303
1,434,0,304
1,435,0,305
1,435,1,61
1,436,0,306
1,436,1,62
1,437,0,307
1,437,1,62
1,438,0,308
1,438,1,62
1,439,0,309
1,485,0,377
1,486,0,376
1,487,0,375
1,488,0,374
1,489,0,373
1,521,0,401
1,522,0,402
1,523,0,403
1,541,0,438
1,581,0,500
1,601,0,538
1,602,0,539
1,622,0,578
1,623,0,579
1,641,0,581
1,681,0,641
1,682,0,642
1,701,0,659
1,721,0,753
1,743,0,779
1,745,0,780
1,746,0,781
1,747,0,782
1,748,0,778
1,748,1,63
1,781,0,820
1,782,0,821
1,841,0,900
1,861,0,921
1,862,0,920
1,882,0,961
1,921,0,1019
1,922,0,1088
1,941,0,1040
1,942,0,1041
1,961,0,1083
1,962,0,1084
1,963,0,1085
1,964,0,1086
1,965,0,1087
1,981,0,1104
1,982,0,1105
1,1001,0,1118
1,1021,0,1139
1,1021,1,63
1,1044,0,1165
1,1046,0,1168
1,1061,0,1189
1,1062,0,1190
1,1063,0,1191
1,1064,0,1192
1,1065,0,1193
1,1066,0,1194
1,1067,0,1195
1,1068,0,1196
1,1069,0,1197
1,1070,0,1198
1,1071,0,1199
1,1081,0,1200
1,1082,0,1201
1,1083,0,1202
1,1084,0,1203
1,1085,0,1204
1,1086,0,1205
1,1087,0,1920
1,1088,0,1912
1,1089,0,1208
1,1101,0,1220
1,1102,0,1218
1,1103,0,1221
1,1121,0,1239
1,1141,0,1259
1,1161,0,1279
1,1181,0,1304
1,1182,0,1305
1,1183,0,1306
1,1184,0,1307
1,1185,0,1308
1,1186,0,1309
1,1221,0,1340
1,1222,0,1341
1,1262,0,1382
1,1263,0,1381
1,1281,0,1399
1,1301,0,1421
1,1301,1,62
1,1341,0,1461
1,1342,0,1460
1,1343,0,1467
1,1361,0,1480
1,1362,0,1481
1,1381,0,1499
1,1402,0,1519
1,1403,0,1520
1,1404,0,1521
1,1405,0,1522
1,1406,0,1523
1,1407,0,1524
1,1408,0,1525
1,1409,0,1526
1,1410,0,1528
1,1441,0,1558
1,1481,0,1600
1,1482,0,1601
1,1501,0,1619
1,1501,1,62
1,1521,0,1639
1,1541,0,1662
1,1542,0,1663
1,1543,0,1664
1,1544,0,1665
1,1561,0,1679
1,1561,1,63
1,1642,0,1858
1,1643,0,1859
1,1644,0,1821
1,1645,0,1860
1,1661,0,1892
1,1662,0,1899
1,1663,0,1902
1,1664,0,1932
1,1665,0,1896
1,1666,0,1938
1,1667,0,1894
1,1668,0,1893
1,1669,0,1898
1,1670,0,1897
1,1671,0,1901
1,1672,0,1900
1,1673,0,1904
1,1674,0,1903
1,1681,0,1998
1,1682,0,2000
1,1701,0,2001
1,1702,0,1999
1,1741,0,2059
1,1781,0,2098
1,1801,0,2118
1,1802,0,2119
1,1803,0,2120
1,1804,0,2121
1,1824,0,2142
1,1841,0,2158
1,1842,0,2159
1,1843,0,2160
1,1844,0,2161
1,1845,0,2162
1,1846,0,2163
1,1847,0,2164
1,1848,0,2165
1,1849,0,2166
1,1850,0,2167
1,1851,0,2168
1,1852,0,2169
1,1853,0,2170
1,1854,0,2171
1,1855,0,2172
1,1856,0,2173
1,1857,0,2174
1,1858,0,2175
1,1859,0,2176
1,1860,0,2177
1,1861,0,2178
1,1862,0,2179
1,1863,0,2180
1,1864,0,2181
1,1865,0,2182
1,1866,0,2183
1,1867,0,2184
1,1868,0,2185
1,1869,0,2186
1,1870,0,2187
1,1871,0,2188
1,1872,0,2189
1,1873,0,2190
1,1874,0,2191
1,1875,0,2192
1,1876,0,2193
1,1877,0,2194
1,1878,0,2195
1,1879,0,2196
1,1880,0,2197
1,1881,0,2198
1,1882,0,2199
1,1883,0,2200
1,1884,0,2201
1,1885,0,2202
1,1886,0,2203
1,1887,0,2204
1,1888,0,2205
1,1889,0,2206
1,1890,0,2207
1,1891,0,2208
1,1892,0,2209
1,1893,0,2210
1,1894,0,2211
1,1895,0,2212
1,1896,0,2213
1,1897,0,2214
1,1898,0,2215
1,1899,0,2216
1,1900,0,2217
1,1901,0,2218
1,1902,0,2219
1,1903,0,2220
1,1904,0,2221
1,1905,0,2222
1,1906,0,2223
1,1907,0,2224
1,1908,0,2225
1,1909,0,2226
1,1910,0,2227
1,1911,0,2228
1,1912,0,2229
1,1913,0,2230
1,1914,0,2231
1,1915,0,2232
1,1916,0,2233
1,1917,0,2234
1,1918,0,2235
1,1919,0,2236
1,1920,0,2237
1,1921,0,2238
1,1922,0,2239
1,1923,0,2240
1,1924,0,2241
1,1925,0,2242
1,1926,0,2243
1,1927,0,2244
1,1928,0,2245
1,1929,0,2246
1,1930,0,2247
1,1931,0,2248
1,1932,0,2249
1,1933,0,2250
1,1934,0,2251
1,1935,0,2252
1,1936,0,2253
1,1937,0,2254
1,1938,0,2255
1,1939,0,2256
1,1940,0,2257
1,1941,0,2258
1,1942,0,2259
1,1943,0,2260
1,1944,0,2261
1,1945,0,2262
1,1946,0,2263
1,1947,0,2264
1,1948,0,2265
1,1949,0,2266
1,1950,0,2267
1,1951,0,2268
1,1952,0,2269
1,1953,0,2270
1,1954,0,2271
1,1955,0,2272
1,1956,0,2273
1,1957,0,2274
1,1958,0,2275
1,1959,0,2276
1,1960,0,2277
1,1961,0,2278
1,1962,0,2279
1,1963,0,2280
1,1964,0,2281
1,1965,0,2282
1,1966,0,2283
1,1967,0,2284
1,1968,0,2285
1,1969,0,2286
1,1970,0,2287
1,1971,0,2288
1,1972,0,2289
1,1973,0,2290
1,1974,0,2291
1,1975,0,2292
1,1976,0,2293
1,1977,0,2294
1,1978,0,2295
1,1979,0,2296
1,1980,0,2297
1,1981,0,2298
1,1982,0,2299
1,1983,0,2300
1,1984,0,2301
1,1985,0,2302
1,1986,0,2303
1,1987,0,2304
1,1988,0,2305
1,1989,0,2306
1,1990,0,2307
1,1991,0,2308
1,1992,0,2309
1,1993,0,2310
1,1994,0,2311
1,1995,0,2312
1,1996,0,2313
1,1997,0,2314
1,1998,0,2315
1,1999,0,2316
1,2000,0,2317
1,2001,0,2318
1,2002,0,2319
1,2003,0,2320
1,2004,0,2321
1,2005,0,2322
1,2006,0,2323
1,2007,0,2324
1,2008,0,2325
1,2009,0,2326
1,2010,0,2327
1,2011,0,2328
1,2012,0,2329
1,2013,0,2330
1,2014,0,2331
1,2015,0,2332
1,2016,0,2333
1,2017,0,2334
1,2018,0,2335
1,2019,0,2336
1,2020,0,2337
1,2021,0,2338
1,2022,0,2339
1,2023,0,2340
1,2024,0,2341
1,2025,0,2342
1,2026,0,2343
1,2027,0,2344
1,2028,0,2345
1,2029,0,2346
1,2030,0,2347
1,2031,0,2348
1,2032,0,2349
1,2033,0,2350
1,2034,0,2351
1,2035,0,2352
1,2036,0,2353
1,2037,0,2354
1,2038,0,2355
1,2039,0,2356
1,2040,0,2357
1,2041,0,2358
1,2042,0,2359
1,2043,0,2360
1,2044,0,2361
1,2045,0,2362
1,2046,0,2363
1,2047,0,2364
1,2048,0,2365
1,2049,0,2366
1,2050,0,2367
1,2051,0,2368
1,2052,0,2369
1,2053,0,2370
1,2054,0,2371
1,2055,0,2372
1,2056,0,2373
1,2057,0,2374
1,2058,0,2375
1,2059,0,2376
1,2060,0,2377
1,2061,0,2378
1,2062,0,2379
1,2063,0,2380
1,2064,0,2381
1,2065,0,2382
1,2066,0,2383
1,2067,0,2384
1,2068,0,2385
1,2069,0,2386
1,2070,0,2387
1,2071,0,2388
1,2072,0,2389
1,2073,0,2390
1,2074,0,2391
1,2075,0,2392
1,2076,0,2393
1,2077,0,2394
1,2078,0,2395
1,2079,0,2396
1,2080,0,2397
1,2081,0,2398
1,2082,0,2399
1,2083,0,2400
1,2084,0,2401
1,2085,0,2402
1,2086,0,2403
1,2087,0,2404
1,2088,0,2405
1,2089,0,2406
1,2090,0,2407
1,2091,0,2408
1,2092,0,2409
1,2093,0,2410
1,2094,0,2411
1,2095,0,2412
1,2096,0,2413
1,2097,0,2414
1,2098,0,2415
1,2099,0,2416
1,2100,0,2417
1,2101,0,2418
1,2102,0,2419
1,2103,0,2420
1,2104,0,2421
1,2105,0,2422
1,2106,0,2423
1,2107,0,2424
1,2108,0,2425
1,2109,0,2426
1,2110,0,2427
1,2111,0,2428
1,2112,0,2429
1,2113,0,2430
1,2114,0,2431
1,2115,0,2432
1,2116,0,2433
1,2117,0,2434
1,2118,0,2435
1,2119,0,2436
1,2120,0,2437
1,2121,0,2438
1,2122,0,2439
1,2123,0,2440
1,2124,0,2441
1,2125,0,2442
1,2126,0,2443
1,2127,0,2444
1,2128,0,2445
1,2129,0,2446
1,2130,0,2447
1,2131,0,2448
1,2132,0,2449
1,2133,0,2450
1,2134,0,2451
1,2135,0,2452
1,2136,0,2453
1,2137,0,2454
1,2138,0,2455
1,2139,0,2456
1,2140,0,2457
1,2141,0,2458
1,2142,0,2459
1,2143,0,2460
1,2144,0,2461
1,2145,0,2462
1,2146,0,2463
1,2147,0,2464
1,2148,0,2465
1,2149,0,2466
1,2150,0,2467
1,2151,0,2468
1,2152,0,2469
1,2153,0,2470
1,2154,0,2471
1,2155,0,2472
1,2156,0,2473
1,2157,0,2474
1,2158,0,2475
1,2159,0,2476
1,2160,0,2477
1,2161,0,2478
1,2162,0,2479
1,2163,0,2480
1,2164,0,2481
1,2165,0,2482
1,2166,0,2483
1,2167,0,2484
1,2168,0,2485
1,2169,0,2486
1,2170,0,2487
1,2171,0,2488
1,2172,0,2489
1,2173,0,2490
1,2174,0,2491
1,2175,0,2492
1,2176,0,2493
1,2177,0,2494
1,2178,0,2495
1,2179,0,2496
1,2180,0,2497
1,2181,0,2498
1,2182,0,2499
1,2183,0,2500
1,2184,0,2501
1,2185,0,2502
1,2186,0,2503
1,2187,0,2504
1,2188,0,2505
1,2189,0,2506
1,2190,0,2507
1,2191,0,2508
1,2192,0,2509
1,2193,0,2510
1,2194,0,2511
1,2195,0,2512
1,2196,0,2513
1,2197,0,2514
1,2198,0,2515
1,2199,0,2516
1,2200,0,2517
1,2201,0,2518
1,2202,0,2519
1,2203,0,2520
1,2204,0,2521
1,2205,0,2522
1,2206,0,2523
1,2207,0,2524
1,2208,0,2525
1,2209,0,2526
1,2210,0,2527
1,2211,0,2528
1,2212,0,2529
1,2213,0,2530
1,2214,0,2531
1,2221,0,2538
1,2821,0,3138
1,2822,0,3139
1,2823,0,3140
1,2824,0,3141
1,2825,0,3142
1,2826,0,3143
1,2827,0,3144
1,2828,0,3145
1,2829,0,3146
1,2830,0,3147
1,2831,0,3148
1,2832,0,3149
1,2833,0,3150
1,2834,0,3151
1,2835,0,3152
1,2836,0,3153
1,2837,0,3154
1,2838,0,3155
1,2839,0,3156
1,2840,0,3157
1,2841,0,3158
1,2842,0,3159
1,2843,0,3160
1,2844,0,3161
1,2845,0,3162
1,2846,0,3163
1,2847,0,3164
1,2848,0,3165
1,2849,0,3166
1,2850,0,3167
1,2851,0,3168
1,2852,0,3169
1,2853,0,3170
1,2854,0,3171
1,2855,0,3172
1,2856,0,3173
1,2857,0,3174
1,2858,0,3175
1,2859,0,3176
1,2860,0,3177
1,2861,0,3178
1,2862,0,3179
1,2863,0,3180
1,2864,0,3181
1,2865,0,3182
1,2866,0,3183
1,2867,0,3184
1,2868,0,3185
1,2869,0,3186
1,2870,0,3187
1,2871,0,3188
1,2872,0,3189
1,2873,0,3190
1,2874,0,3191
1,2875,0,3192
1,2876,0,3193
1,2877,0,3194
1,2878,0,3195
1,2879,0,3196
1,2880,0,3197
1,2881,0,3198
1,2882,0,3199
1,2883,0,3200
1,2884,0,3201
1,2885,0,3202
1,2886,0,3203
1,2887,0,3204
1,2888,0,3205
1,2889,0,3206
1,2890,0,3207
1,2891,0,3208
1,2892,0,3209
1,2893,0,3210
1,2894,0,3211
1,2895,0,3212
1,2896,0,3213
1,2897,0,3214
1,2898,0,3215
1,2899,0,3216
1,2900,0,3217
1,2901,0,3218
1,2902,0,3219
1,2903,0,3220
1,2904,0,3221
1,2905,0,3222
1,2906,0,3223
1,2907,0,3224
1,2908,0,3225
1,2909,0,3226
1,2910,0,3227
1,2911,0,3228
1,2912,0,3229
1,2913,0,3230
1,2914,0,3231
1,2915,0,3232
1,2916,0,3233
1,2917,0,3234
1,2918,0,3235
1,2919,0,3236
1,2920,0,3237
1,2921,0,3238
1,2922,0,3239
1,2923,0,3240
1,2924,0,3241
1,2925,0,3242
1,2926,0,3243
1,2927,0,3244
1,2928,0,3245
1,2929,0,3246
1,2930,0,3247
1,2931,0,3248
1,2932,0,3249
1,2933,0,3250
1,2934,0,3251
1,2935,0,3252
1,2936,0,3253
1,2937,0,3254
1,2938,0,3255
1,2939,0,3256
1,2940,0,3257
1,2941,0,3258
1,2942,0,3259
1,2943,0,3260
1,2944,0,3261
1,2945,0,3262
1,2946,0,3263
1,2947,0,3264
1,2948,0,3265
1,2949,0,3266
1,2950,0,3267
1,2951,0,3268
1,2952,0,3269
1,2953,0,3270
1,2954,0,3271
1,2955,0,3272
1,2956,0,3273
1,2957,0,3274
1,2958,0,3275
1,2959,0,3276
1,2960,0,3277
1,2961,0,3278
1,2962,0,3279
1,2963,0,3280
1,2964,0,3281
1,2965,0,3282
1,2966,0,3283
1,2967,0,3284
1,2968,0,3285
1,2969,0,3286
1,2970,0,3287
1,2971,0,3288
1,2972,0,3289
1,2973,0,3290
1,2974,0,3291
1,2975,0,3292
1,2976,0,3293
1,2977,0,3294
1,2978,0,3295
1,2979,0,3296
1,2980,0,3297
1,2981,0,3298
1,2982,0,3299
1,2983,0,3300
1,2984,0,3301
1,2985,0,3302
1,2986,0,3303
1,2987,0,3304
1,2988,0,3305
1,2989,0,3306
1,2990,0,3307
1,2991,0,3308
1,2992,0,3309
1,2993,0,3310
1,2994,0,3311
1,2995,0,3312
1,2996,0,3313
1,2997,0,3314
1,2998,0,3315
1,2999,0,3316
1,3000,0,3317
1,3001,0,3318
1,3002,0,3319
1,3003,0,3320
1,3004,0,3321
1,3005,0,3322
1,3006,0,3323
1,3007,0,3324
1,3008,0,3325
1,3009,0,3326
1,3010,0,3327
1,3011,0,3328
1,3012,0,3329
1,3013,0,3330
1,3014,0,3331
1,3015,0,3332
1,3016,0,3333
1,3017,0,3334
1,3018,0,3335
1,3019,0,3336
1,3020,0,3337
1,3021,0,3338
1,3022,0,3339
1,3023,0,3340
1,3024,0,3341
1,3025,0,3342
1,3026,0,3343
1,3027,0,3344
1,3028,0,3345
1,3029,0,3346
1,3030,0,3347
1,3031,0,3348
1,3032,0,3349
1,3033,0,3350
1,3034,0,3351
1,3035,0,3352
1,3036,0,3353
1,3037,0,3354
1,3038,0,3355
1,3039,0,3356
1,3040,0,3357
1,3041,0,3358
1,3042,0,3359
1,3043,0,3360
1,3044,0,3361
1,3045,0,3362
1,3046,0,3363
1,3047,0,3364
1,3048,0,3365
1,3049,0,3366
1,3050,0,3367
1,3051,0,3368
1,3052,0,3369
1,3053,0,3370
1,3054,0,3371
1,3055,0,3372
1,3056,0,3373
1,3057,0,3374
1,3058,0,3375
1,3059,0,3376
1,3060,0,3377
1,3061,0,3378
1,3062,0,3379
1,3063,0,3380
1,3064,0,3381
1,3065,0,3382
1,3066,0,3383
1,3067,0,3384
1,3068,0,3385
1,3069,0,3386
1,3070,0,3387
1,3071,0,3388
1,3072,0,3389
1,3073,0,3390
1,3074,0,3391
1,3075,0,3392
1,3076,0,3393
1,3077,0,3394
1,3078,0,3395
1,3079,0,3396
1,3080,0,3397
1,3081,0,3398
1,3082,0,3399
1,3083,0,3400
1,3084,0,3401
1,3085,0,3402
1,3086,0,3403
1,3087,0,3404
1,3088,0,3405
1,3089,0,3406
1,3090,0,3407
1,3091,0,3408
1,3092,0,3409
1,3093,0,3410
1,3094,0,3411
1,3095,0,3412
1,3096,0,3413
1,3097,0,3414
1,3098,0,3415
1,3099,0,3416
1,3100,0,3417
1,3101,0,3418
1,3102,0,3419
1,3103,0,3420
1,3104,0,3421
1,3105,0,3422
1,3106,0,3423
1,3107,0,3424
1,3108,0,3425
1,3109,0,3426
1,3110,0,3427
1,3111,0,3428
1,3112,0,3429
1,3113,0,3430
1,3114,0,3431
1,3115,0,3432
1,3116,0,3433
1,3117,0,3434
1,3118,0,3435
1,3119,0,3436
1,3120,0,3437
1,3121,0,3438
1,3122,0,3439
1,3123,0,3440
1,3124,0,3441
1,3125,0,3442
1,3126,0,3443
1,3127,0,3444
1,3128,0,3445
1,3129,0,3446
1,3130,0,3447
1,3131,0,3448
1,3132,0,3449
1,3133,0,3450
1,3134,0,3451
1,3135,0,3452
1,3136,0,3453
1,3137,0,3454
1,3138,0,3455
1,3139,0,3456
1,3140,0,3457
1,3141,0,3458
1,3142,0,3459
1,3143,0,3460
1,3144,0,3461
1,3145,0,3462
1,3146,0,3463
1,3147,0,3464
1,3148,0,3465
1,3149,0,3466
1,3150,0,3467
1,3151,0,3468
1,3152,0,3469
1,3153,0,3470
1,3154,0,3471
1,3155,0,3472
1,3156,0,3473
1,3157,0,3474
1,3158,0,3475
1,3159,0,3476
1,3160,0,3477
1,3161,0,3478
1,3162,0,3479
1,3163,0,3480
1,3164,0,3481
1,3165,0,3482
1,3166,0,3483
1,3167,0,3484
1,3168,0,3485
1,3169,0,3486
1,3170,0,3487
1,3171,0,3488
1,3172,0,3489
1,3173,0,3490
1,3174,0,3491
1,3175,0,3492
1,3176,0,3493
1,3177,0,3494
1,3178,0,3495
1,3179,0,3496
1,3180,0,3497
1,3181,0,3498
1,3182,0,3499
1,3183,0,3500
1,3184,0,3501
1,3185,0,3502
1,3186,0,3503
1,3187,0,3504
1,3188,0,3505
1,3189,0,3506
1,3190,0,3507
1,3191,0,3508
1,3192,0,3509
1,3193,0,3510
1,3194,0,3511
1,3195,0,3512
1,3196,0,3513
1,3197,0,3514
1,3198,0,3515
1,3199,0,3516
1,3200,0,3517
1,3201,0,3518
1,3202,0,3519
1,3203,0,3520
1,3204,0,3521
1,3205,0,3522
1,3206,0,3523
1,3207,0,3524
1,3208,0,3525
1,3209,0,3526
1,3210,0,3527
1,3211,0,3528
1,3212,0,3529
1,3213,0,3530
1,3214,0,3531
1,3215,0,3532
1,3216,0,3533
1,3217,0,3534
1,3218,0,3535
1,3219,0,3536
1,3220,0,3537
1,3221,0,3538
1,3222,0,3539
1,3223,0,3540
1,3224,0,3541
1,3225,0,3542
1,3226,0,3543
1,3227,0,3544
1,3228,0,3545
1,3229,0,3546
1,3230,0,3547
1,3231,0,3548
1,3232,0,3549
1,3233,0,3550
1,3234,0,3551
1,3235,0,3552
1,3236,0,3553
1,3237,0,3554
1,3238,0,3555
1,3239,0,3556
1,3240,0,3557
1,3241,0,3558
1,3242,0,3559
1,3243,0,3560
1,3244,0,3561
1,3245,0,3562
1,3246,0,3563
1,3247,0,3564
1,3248,0,3565
1,3249,0,3566
1,3250,0,3567
1,3251,0,3568
1,3252,0,3569
1,3253,0,3570
1,3254,0,3571
1,3255,0,3572
1,3256,0,3573
1,3257,0,3574
1,3258,0,3575
1,3259,0,3576
1,3260,0,3577
1,3261,0,3578
1,3262,0,3579
1,3263,0,3580
1,3264,0,3581
1,3265,0,3582
1,3266,0,3583
1,3267,0,3584
1,3268,0,3585
1,3269,0,3586
1,3270,0,3587
1,3271,0,3588
1,3272,0,3589
1,3273,0,3590
1,3274,0,3591
1,3275,0,3592
1,3276,0,3593
1,3277,0,3594
1,3278,0,3595
1,3279,0,3596
1,3280,0,3597
1,3281,0,3598
1,3282,0,3599
1,3283,0,3600
1,3284,0,3601
1,3285,0,3602
1,3286,0,3603
1,3287,0,3604
1,3288,0,3605
1,3289,0,3606
1,3290,0,3607
1,3291,0,3608
1,3292,0,3609
1,3293,0,3610
1,3294,0,3611
1,3295,0,3612
1,3296,0,3613
1,3297,0,3614
1,3298,0,3615
1,3299,0,3616
1,3300,0,3617
1,3301,0,3618
1,3302,0,3619
1,3303,0,3620
1,3304,0,3621
1,3305,0,3622
1,3306,0,3623
1,3307,0,3624
1,3308,0,3625
1,3309,0,3626
1,3310,0,3627
1,3311,0,3628
1,3312,0,3629
1,3313,0,3630
1,3314,0,3631
1,3315,0,3632
1,3316,0,3633
1,3317,0,3634
1,3318,0,3635
1,3319,0,3636
1,3320,0,3637
1,3321,0,3638
1,3322,0,3639
1,3323,0,3640
1,3324,0,3641
1,3325,0,3642
1,3326,0,3643
1,3327,0,3644
1,3328,0,3645
1,3329,0,3646
1,3330,0,3647
1,3331,0,3648
1,3332,0,3649
1,3333,0,3650
1,3334,0,3651
1,3335,0,3652
1,3336,0,3653
1,3337,0,3654
1,3338,0,3655
1,3339,0,3656
1,3340,0,3657
1,3341,0,3658
1,3342,0,3659
1,3343,0,3660
1,3344,0,3661
1,3345,0,3662
1,3346,0,3663
1,3347,0,3664
1,3348,0,3665
1,3349,0,3666
1,3350,0,3667
1,3351,0,3668
1,3352,0,3669
1,3353,0,3670
1,3354,0,3671
1,3355,0,3672
1,3356,0,3673
1,3357,0,3674
1,3358,0,3675
1,3359,0,3676
1,3360,0,3677
1,3361,0,3678
1,3362,0,3679
1,3363,0,3680
1,3364,0,3681
1,3365,0,3682
1,3366,0,3683
1,3367,0,3684
1,3368,0,3685
1,3369,0,3686
1,3370,0,3687
1,3371,0,3688
1,3372,0,3689
1,3373,0,3690
1,3374,0,3691
1,3375,0,3692
1,3376,0,3693
1,3377,0,3694
1,3378,0,3695
1,3379,0,3696
1,3380,0,3697
1,3381,0,3698
1,3382,0,3699
1,3383,0,3700
1,3384,0,3701
1,3385,0,3702
1,3386,0,3703
1,3401,0,3718
1,3402,0,3719
1,3403,0,3720
1,3404,0,3721
1,3405,0,3722
1,3406,0,3723
1,3407,0,3724
1,3408,0,3725
1,3409,0,3726
1,3410,0,3727
1,3411,0,3728
1,3412,0,3729
1,3413,0,3730
1,3414,0,3731
1,3415,0,3732
1,3416,0,3733
1,3417,0,3734
1,3418,0,3735
1,3419,0,3736
1,3420,0,3737
1,3421,0,3738
1,3422,0,3739
1,3423,0,3740
1,3424,0,3741
1,3425,0,3742
1,3426,0,3743
1,3427,0,3744
1,3428,0,3745
1,3429,0,3746
1,3430,0,3747
1,3431,0,3748
1,3432,0,3749
1,3433,0,3750
1,3434,0,3751
1,3435,0,3752
1,3436,0,3753
1,3437,0,3754
1,3438,0,3755
1,3439,0,3756
1,3440,0,3757
1,3441,0,3758
1,3442,0,3759
1,3443,0,3760
1,3444,0,3761
1,3445,0,3762
1,3446,0,3763
1,3447,0,3764
1,3448,0,3765
1,3449,0,3766
1,3450,0,3767
1,3451,0,3768
1,3452,0,3769
1,3453,0,3770
1,3454,0,3771
1,3455,0,3772
1,3456,0,3773
1,3457,0,3774
1,3458,0,3775
1,3459,0,3776
1,3460,0,3777
1,3461,0,3778
1,3462,0,3779
1,3463,0,3780
1,3464,0,3781
1,3465,0,3782
1,3466,0,3783
1,3467,0,3784
1,3468,0,3785
1,3469,0,3786
1,3470,0,3787
1,3471,0,3788
1,3472,0,3789
1,3473,0,3790
1,3474,0,3791
1,3475,0,3792
1,3476,0,3793
1,3477,0,3794
1,3478,0,3795
1,3479,0,3796
1,3480,0,3797
1,3481,0,3798
1,3482,0,3799
1,3483,0,3800
1,3484,0,3801
1,3485,0,3802
1,3486,0,3803
1,3487,0,3804
1,3488,0,3805
1,3489,0,3806
1,3490,0,3807
1,3491,0,3808
1,3492,0,3809
1,3493,0,3810
1,3494,0,3811
1,3495,0,3812
1,3496,0,3813
1,3497,0,3814
1,3498,0,3815
1,3499,0,3816
1,3500,0,3817
1,3501,0,3818
1,3502,0,3819
1,3503,0,3820
1,3504,0,3821
1,3505,0,3822
1,3506,0,3823
1,3507,0,3824
1,3508,0,3825
1,3509,0,3826
1,3510,0,3827
1,3511,0,3828
1,3512,0,3829
1,3513,0,3830
1,3514,0,3831
1,3515,0,3832
1,3516,0,3833
1,3517,0,3834
1,3518,0,3835
1,3519,0,3836
1,3520,0,3837
1,3521,0,3838
1,3522,0,3839
1,3523,0,3840
1,3524,0,3841
1,3525,0,3842
1,3526,0,3843
1,3527,0,3844
1,3528,0,3845
1,3529,0,3846
1,3530,0,3847
1,3531,0,3848
1,3532,0,3849
1,3533,0,3850
1,3534,0,3851
1,3535,0,3852
1,3536,0,3853
1,3537,0,3854
1,3538,0,3855
1,3539,0,3856
1,3540,0,3857
1,3541,0,3858
1,3542,0,3859
1,3543,0,3860
1,3544,0,3861
1,3545,0,3862
1,3546,0,3863
1,3547,0,3864
1,3548,0,3865
1,3549,0,3866
1,3550,0,3867
1,3551,0,3868
1,3552,0,3869
1,3553,0,3870
1,3554,0,3871
1,3555,0,3872
1,3556,0,3873
1,3557,0,3874
1,3558,0,3875
1,3559,0,3876
1,3560,0,3877
1,3561,0,3878
1,3562,0,3879
1,3563,0,3880
1,3564,0,3881
1,3565,0,3882
1,3566,0,3883
1,3567,0,3884
1,3568,0,3885
1,3569,0,3886
1,3570,0,3887
1,3571,0,3888
1,3572,0,3889
1,3573,0,3890
1,3574,0,3891
1,3575,0,3892
1,3576,0,3893
1,3577,0,3894
1,3578,0,3895
1,3579,0,3896
1,3580,0,3897
1,3581,0,3898
1,3582,0,3899
1,3583,0,3900
1,3584,0,3901
1,3585,0,3902
1,3586,0,3903
1,3587,0,3904
1,3588,0,3905
1,3589,0,3906
1,3590,0,3907
1,3591,0,3908
1,3592,0,3909
1,3593,0,3910
1,3594,0,3911
1,3595,0,3912
1,3596,0,3913
1,3597,0,3914
1,3598,0,3915
1,3599,0,3916
1,3600,0,3917
1,3601,0,3918
1,3602,0,3919
1,3603,0,3920
1,3604,0,3921
1,3605,0,3922
1,3606,0,3923
1,3607,0,3924
1,3608,0,3925
1,3609,0,3926
1,3610,0,3927
1,3611,0,3928
1,3612,0,3929
1,3613,0,3930
1,3614,0,3931
1,3615,0,3932
1,3616,0,3933
1,3617,0,3934
1,3618,0,3935
1,3619,0,3936
1,3620,0,3937
1,3621,0,3938
1,3622,0,3939
1,3623,0,3940
1,3624,0,3941
1,3625,0,3942
1,3626,0,3943
1,3627,0,3944
1,3628,0,3945
1,3629,0,3946
1,3630,0,3947
1,3631,0,3948
1,3632,0,3949
1,3633,0,3950
1,3634,0,3951
1,3635,0,3952
1,3636,0,3953
1,3641,0,3958
1,3642,0,3959
1,3643,0,3960
1,3644,0,3961
1,3645,0,3962
1,3646,0,3963
1,3647,0,3964
1,3661,0,3978
1,3681,0,3998
1,3682,0,3999
1,3683,0,4000
1,3684,0,4001
1,3685,0,4002
1,3686,0,4003
1,3687,0,4004
1,3688,0,4005
1,3689,0,4006
1,3690,0,4007
1,3691,0,4008
1,3692,0,4009
1,3693,0,4010
1,3694,0,4011
1,3695,0,4012
1,3696,0,4013
1,3697,0,4014
1,3698,0,4015
1,3699,0,4016
1,3700,0,4017
1,3701,0,4018
1,3702,0,4019
1,3703,0,4020
1,3704,0,4021
1,3705,0,4022
1,3706,0,4023
1,3707,0,4024
1,3708,0,4025
1,3709,0,4026
1,3710,0,4027
1,3711,0,4028
1,3712,0,4029
1,3713,0,4030
1,3714,0,4031
1,3715,0,4032
1,3716,0,4033
1,3717,0,4034
1,3718,0,4035
1,3719,0,4036
1,3720,0,4037
1,3721,0,4038
1,3722,0,4039
1,3723,0,4040
1,3724,0,4041
1,3725,0,4042
1,3726,0,4043
1,3727,0,4044
1,3728,0,4045
1,3729,0,4046
1,3730,0,4047
1,3731,0,4048
1,3732,0,4049
1,3733,0,4050
1,3734,0,4051
1,3735,0,4052
1,3736,0,4053
1,3737,0,4054
1,3738,0,4055
1,3739,0,4056
1,3740,0,4057
1,3741,0,4058
1,3742,0,4059
1,3743,0,4060
1,3744,0,4061
1,3745,0,4062
1,3746,0,4063
1,3747,0,4064
1,3748,0,4065
1,3749,0,4066
1,3750,0,4067
1,3751,0,4068
1,3752,0,4069
1,3753,0,4070
1,3754,0,4071
1,3755,0,4072
1,3756,0,4073
1,3757,0,4074
1,3758,0,4075
1,3759,0,4076
1,3760,0,4077
1,3761,0,4078
1,3762,0,4079
1,3763,0,4080
1,3764,0,4081
1,3765,0,4082
1,3766,0,4083
1,3767,0,4084
1,3768,0,4085
1,3769,0,4086
1,3770,0,4087
1,3771,0,4088
1,3772,0,4089
1,3773,0,4090
1,3774,0,4091
1,3775,0,4092
1,3776,0,4093
1,3777,0,4094
1,3778,0,4095
1,3779,0,4096
1,3780,0,4097
1,3781,0,4098
1,3782,0,4099
1,3783,0,4100
1,3784,0,4101
1,3785,0,4102
1,3786,0,4103
1,3787,0,4104
1,3788,0,4105
1,3789,0,4106
1,3790,0,4107
1,3791,0,4108
1,3792,0,4109
1,3793,0,4110
1,3794,0,4111
1,3795,0,4112
1,3796,0,4113
1,3797,0,4114
1,3798,0,4115
1,3799,0,4116
1,3800,0,4117
1,3801,0,4118
1,3802,0,4119
1,3803,0,4120
1,3804,0,4121
1,3805,0,4122
1,3806,0,4123
1,3807,0,4124
1,3808,0,4125
1,3809,0,4126
1,3810,0,4127
1,3811,0,4128
1,3812,0,4129
1,3813,0,4130
1,3814,0,4131
1,3815,0,4132
1,3816,0,4133
1,3817,0,4134
1,3818,0,4135
1,3819,0,4136
1,3820,0,4137
1,3821,0,4138
1,3822,0,4139
1,3823,0,4140
1,3824,0,4141
1,3825,0,4142
1,3826,0,4143
1,3827,0,4144
1,3828,0,4145
1,3829,0,4146
1,3830,0,4147
1,3831,0,4148
1,3832,0,4149
1,3833,0,4150
1,3834,0,4151
1,3835,0,4152
1,3836,0,4153
1,3837,0,4154
1,3838,0,4155
1,3839,0,4156
1,3840,0,4157
1,3841,0,4158
1,3842,0,4159
1,3843,0,4160
1,3844,0,4161
1,3845,0,4162
1,3846,0,4163
1,3847,0,4164
1,3848,0,4165
1,3849,0,4166
1,3850,0,4167
1,3851,0,4168
1,3852,0,4169
1,3853,0,4170
1,3854,0,4171
1,3855,0,4172
1,3856,0,4173
1,3857,0,4174
1,3858,0,4175
1,3859,0,4176
1,3860,0,4177
1,3861,0,4178
1,3862,0,4179
1,3863,0,4180
1,3864,0,4181
1,3865,0,4182
1,3866,0,4183
1,3867,0,4184
1,3868,0,4185
1,3869,0,4186
1,3870,0,4187
1,3871,0,4188
1,3872,0,4189
1,3873,0,4190
1,3874,0,4191
1,3875,0,4192
1,3876,0,4193
1,3877,0,4194
1,3878,0,4195
1,3879,0,4196
1,3880,0,4197
1,3881,0,4198
1,3882,0,4199
1,3883,0,4200
1,3884,0,4201
1,3885,0,4202
1,3886,0,4203
1,3887,0,4204
1,3888,0,4205
1,3889,0,4206
1,3890,0,4207
1,3891,0,4208
1,3892,0,4209
1,3893,0,4210
1,3894,0,4211
1,3895,0,4212
1,3896,0,4213
1,3897,0,4214
1,3898,0,4215
1,3899,0,4216
1,3900,0,4217
1,3901,0,4218
1,3902,0,4219
1,3903,0,4220
1,3904,0,4221
1,3905,0,4222
1,3906,0,4223
1,3907,0,4224
1,3908,0,4225
1,3909,0,4226
1,3910,0,4227
1,3911,0,4228
1,3912,0,4229
1,3913,0,4230
1,3914,0,4231
1,3915,0,4232
1,3921,0,4238
1,3922,0,4239
1,3923,0,4240
1,3924,0,4241
1,3925,0,4242
1,3926,0,4243
1,3927,0,4244
1,3928,0,4245
1,3929,0,4246
1,3930,0,4247
1,3931,0,4248
1,3932,0,4249
1,3933,0,4250
1,3934,0,4251
1,3935,0,4252
1,3936,0,4253
1,3937,0,4254
1,3938,0,4255
1,3939,0,4256
1,3940,0,4257
1,3941,0,4258
1,3942,0,4259
1,3943,0,4260
1,3944,0,4261
1,3945,0,4262
1,3946,0,4263
1,3947,0,4264
1,3948,0,4265
1,3949,0,4266
1,3950,0,4267
1,3951,0,4268
1,3952,0,4269
1,3953,0,4270
1,3954,0,4271
1,3955,0,4272
1,3956,0,4273
1,3957,0,4274
1,3958,0,4275
1,3959,0,4276
1,3960,0,4277
1,3961,0,4278
1,3962,0,4279
1,3963,0,4280
1,3964,0,4281
1,3965,0,4282
1,3966,0,4283
1,3967,0,4284
1,3981,0,4298
1,3982,0,4299
1,4001,0,4318
1,4041,0,4358
1,4042,0,4359
1,4043,0,4360
1,4044,0,4361
1,4045,0,4362
1,4046,0,4363
1,4047,0,4364
1,4048,0,4365
1,4049,0,4366
1,4050,0,4367
1,4051,0,4368
1,4052,0,4369
1,4053,0,4370
1,4054,0,4371
1,4055,0,4372
1,4056,0,4373
1,4057,0,4374
1,4058,0,4375
1,4059,0,4376
1,4060,0,4377
1,4061,0,4378
1,4062,0,4379
1,4063,0,4380
1,4064,0,4381
1,4065,0,4382
1,4066,0,4383
1,4067,0,4384
1,4068,0,4385
1,4069,0,4386
1,4070,0,4387
1,4071,0,4388
1,4072,0,4389
1,4073,0,4390
1,4074,0,4391
1,4075,0,4392
1,4076,0,4393
1,4077,0,4394
1,4078,0,4395
1,4079,0,4396
1,4080,0,4397
1,4081,0,4398
1,4082,0,4399
1,4083,0,4400
1,4084,0,4401
1,4085,0,4402
1,4086,0,4403
1,4087,0,4404
1,4088,0,4405
1,4089,0,4406
1,4090,0,4407
1,4091,0,4408
1,4092,0,4409
1,4093,0,4410
1,4094,0,4411
1,4095,0,4412
1,4096,0,4413
1,4097,0,4414
1,4098,0,4415
1,4099,0,4416
1,4100,0,4417
1,4101,0,4418
1,4102,0,4419
1,4103,0,4420
1,4104,0,4421
1,4105,0,4422
1,4106,0,4423
1,4107,0,4424
1,4108,0,4425
1,4109,0,4426
1,4110,0,4427
1,4111,0,4428
1,4112,0,4429
1,4113,0,4430
1,4114,0,4431
1,4115,0,4432
1,4116,0,4433
1,4117,0,4434
1,4118,0,4435
1,4119,0,4436
1,4120,0,4437
1,4121,0,4438
1,4122,0,4439
1,4123,0,4440
1,4124,0,4441
1,4125,0,4442
1,4126,0,4443
1,4127,0,4444
1,4128,0,4445
1,4129,0,4446
1,4130,0,4447
1,4131,0,4448
1,4132,0,4449
1,4133,0,4450
1,4134,0,4451
1,4135,0,4452
1,4136,0,4453
1,4137,0,4454
1,4138,0,4455
1,4139,0,4456
1,4140,0,4457
1,4141,0,4458
1,4142,0,4459
1,4143,0,4460
1,4144,0,4461
1,4145,0,4462
1,4146,0,4463
1,4147,0,4464
1,4148,0,4465
1,4149,0,4466
1,4150,0,4467
1,4151,0,4468
1,4152,0,4469
1,4153,0,4470
1,4154,0,4471
1,4155,0,4472
1,4156,0,4473
1,4157,0,4474
1,4158,0,4475
1,4159,0,4476
1,4160,0,4477
1,4161,0,4478
1,4162,0,4479
1,4163,0,4480
1,4164,0,4481
1,4165,0,4482
1,4166,0,4483
1,4167,0,4484
1,4168,0,4485
1,4169,0,4486
1,4170,0,4487
1,4171,0,4488
1,4172,0,4489
1,4173,0,4490
1,4174,0,4491
1,4175,0,4492
1,4176,0,4493
1,4177,0,4494
1,4178,0,4495
1,4179,0,4496
1,4180,0,4497
1,4181,0,4498
1,4182,0,4499
1,4183,0,4500
1,4184,0,4501
1,4185,0,4502
1,4186,0,4503
1,4187,0,4504
1,4188,0,4505
1,4189,0,4506
1,4190,0,4507
1,4191,0,4508
1,4192,0,4509
1,4193,0,4510
1,4194,0,4511
1,4195,0,4512
1,4196,0,4513
1,4197,0,4514
1,4198,0,4515
1,4199,0,4516
1,4200,0,4517
1,4201,0,4518
1,4202,0,4519
1,4203,0,4520
1,4204,0,4521
1,4205,0,4522
1,4206,0,4523
1,4207,0,4524
1,4208,0,4525
1,4209,0,4526
1,4210,0,4527
1,4211,0,4528
1,4212,0,4529
1,4213,0,4530
1,4214,0,4531
1,4215,0,4532
1,4216,0,4533
1,4217,0,4534
1,4218,0,4535
1,4219,0,4536
1,4220,0,4537
1,4221,0,4538
1,4222,0,4539
1,4223,0,4540
1,4224,0,4541
1,4225,0,4542
1,4226,0,4543
1,4227,0,4544
1,4228,0,4545
1,4229,0,4546
1,4230,0,4547
1,4231,0,4548
1,4232,0,4549
1,4233,0,4550
1,4234,0,4551
1,4235,0,4552
1,4236,0,4553
1,4237,0,4554
1,4238,0,4555
1,4239,0,4556
1,4240,0,4557
1,4241,0,4558
1,4242,0,4559
1,4243,0,4560
1,4244,0,4561
1,4245,0,4562
1,4246,0,4563
1,4247,0,4564
1,4248,0,4565
1,4249,0,4566
1,4250,0,4567
1,4251,0,4568
1,4252,0,4569
1,4253,0,4570
1,4254,0,4571
1,4255,0,4572
1,4256,0,4573
1,4257,0,4574
1,4258,0,4575
1,4259,0,4576
1,4260,0,4577
1,4261,0,4578
1,4262,0,4579
1,4263,0,4580
1,4264,0,4581
1,4265,0,4582
1,4266,0,4583
1,4267,0,4584
1,4268,0,4585
1,4269,0,4586
1,4270,0,4587
1,4271,0,4588
1,4272,0,4589
1,4273,0,4590
1,4274,0,4591
1,4275,0,4592
1,4276,0,4593
1,4277,0,4594
1,4278,0,4595
1,4279,0,4596
1,4280,0,4597
1,4281,0,4598
1,4282,0,4599
1,4283,0,4600
1,4284,0,4601
1,4285,0,4602
1,4286,0,4603
1,4287,0,4604
1,4288,0,4605
1,4289,0,4606
1,4290,0,4607
1,4291,0,4608
1,4292,0,4609
1,4293,0,4610
1,4294,0,4611
1,4295,0,4612
1,4296,0,4613
1,4297,0,4614
1,4298,0,4615
1,4299,0,4616
1,4300,0,4617
1,4301,0,4618
1,4302,0,4619
1,4303,0,4620
1,4304,0,4621
1,4305,0,4622
1,4306,0,4623
1,4307,0,4624
1,4308,0,4625
1,4309,0,4626
1,4310,0,4627
1,4311,0,4628
1,4312,0,4629
1,4313,0,4630
1,4314,0,4631
1,4315,0,4632
1,4316,0,4633
1,4317,0,4634
1,4318,0,4635
1,4319,0,4636
1,4320,0,4637
1,4321,0,4638
1,4322,0,4639
1,4323,0,4640
1,4324,0,4641
1,4325,0,4642
1,4326,0,4643
1,4327,0,4644
1,4328,0,4645
1,4329,0,4646
1,4330,0,4647
1,4331,0,4648
1,4332,0,4649
1,4333,0,4650
1,4334,0,4651
1,4335,0,4652
1,4336,0,4653
1,4337,0,4654
1,4338,0,4655
1,4339,0,4656
1,4340,0,4657
1,4341,0,4658
1,4342,0,4659
1,4343,0,4660
1,4344,0,4661
1,4345,0,4662
1,4346,0,4663
1,4347,0,4664
1,4348,0,4665
1,4349,0,4666
1,4350,0,4667
1,4351,0,4668
1,4352,0,4669
1,4353,0,4670
1,4354,0,4671
1,4355,0,4672
1,4356,0,4673
1,4357,0,4674
1,4358,0,4675
1,4359,0,4676
1,4360,0,4677
1,4361,0,4678
1,4362,0,4679
1,4363,0,4680
1,4364,0,4681
1,4381,0,4698
1,4401,0,4718
1,4441,0,4758
1,4463,0,4780
1,4464,0,4781
1,4465,0,4782
1,4466,0,4783
1,4467,0,4784
1,4468,0,4785
1,4469,0,4786
1,4470,0,4787
1,4471,0,4788
1,4472,0,4789
1,4473,0,4790
1,4474,0,4791
1,4475,0,4792
1,4476,0,4793
1,4477,0,4794
1,4478,0,4795
1,4479,0,4796
1,4480,0,4797
1,4481,0,4798
1,4482,0,4799
1,4483,0,4800
1,4484,0,4801
1,4485,0,4802
1,4486,0,4803
1,4487,0,4804
1,4488,0,4805
1,4489,0,4806
1,4490,0,4807
1,4491,0,4808
1,4492,0,4809
1,4493,0,4810
1,4494,0,4811
1,4495,0,4812
1,4496,0,4813
1,4497,0,4814
1,4498,0,4815
1,4499,0,4816
1,4500,0,4817
1,4501,0,4818
1,4502,0,4819
1,4503,0,4820
1,4504,0,4821
1,4505,0,4822
1,4506,0,4823
1,4507,0,4824
1,4508,0,4825
1,4509,0,4826
1,4510,0,4827
1,4511,0,4828
1,4512,0,4829
1,4513,0,4830
1,4514,0,4831
1,4515,0,4832
1,4516,0,4833
1,4517,0,4834
1,4518,0,4835
1,4519,0,4836
1,4520,0,4837
1,4521,0,4838
1,4522,0,4839
1,4523,0,4840
1,4524,0,4841
1,4525,0,4842
1,4526,0,4843
1,4527,0,4844
1,4528,0,4845
1,4529,0,4846
1,4530,0,4847
1,4531,0,4848
1,4532,0,4849
1,4533,0,4850
1,4534,0,4851
1,4535,0,4852
1,4536,0,4853
1,4537,0,4854
1,4538,0,4855
1,4539,0,4856
1,4540,0,4857
1,4541,0,4858
1,4542,0,4859
1,4543,0,4860
1,4544,0,4861
1,4545,0,4862
1,4546,0,4863
1,4547,0,4864
1,4548,0,4865
1,4549,0,4866
1,4550,0,4867
1,4551,0,4868
1,4552,0,4869
1,4553,0,4870
1,4554,0,4871
1,4555,0,4872
1,4556,0,4873
1,4557,0,4874
1,4558,0,4875
1,4559,0,4876
1,4560,0,4877
1,4561,0,4878
1,4562,0,4879
1,4563,0,4880
1,4564,0,4881
1,4565,0,4882
1,4566,0,4883
1,4567,0,4884
1,4568,0,4885
1,4569,0,4886
1,4570,0,4887
1,4571,0,4888
1,4572,0,4889
1,4573,0,4890
1,4574,0,4891
1,4575,0,4892
1,4576,0,4893
1,4577,0,4894
1,4578,0,4895
1,4579,0,4896
1,4580,0,4897
1,4581,0,4898
1,4582,0,4899
1,4583,0,4900
1,4584,0,4901
1,4585,0,4902
1,4586,0,4903
1,4587,0,4904
1,4588,0,4905
1,4589,0,4906
1,4590,0,4907
1,4591,0,4908
1,4592,0,4909
1,4593,0,4910
1,4594,0,4911
1,4595,0,4912
1,4596,0,4913
1,4597,0,4914
1,4598,0,4915
1,4599,0,4916
1,4600,0,4917
1,4601,0,4918
1,4602,0,4919
1,4603,0,4920
1,4604,0,4921
1,4605,0,4922
1,4606,0,4923
1,4607,0,4924
1,4608,0,4925
1,4609,0,4926
1,4610,0,4927
1,4611,0,4928
1,4612,0,4929
1,4613,0,4930
1,4614,0,4931
1,4615,0,4932
1,4616,0,4933
1,4617,0,4934
1,4618,0,4935
1,4619,0,4936
1,4620,0,4937
1,4621,0,4938
1,4622,0,4939
1,4623,0,4940
1,4641,0,4958
1,4661,0,4978
1,4681,0,4998
1,4682,0,4999
1,4683,0,5000
1,4684,0,5001
1,4685,0,5002
1,4701,0,5020
1,4741,0,5058
1,4761,0,5078
1,4762,0,5079
1,4763,0,5080
1,4764,0,5081
1,4765,0,5082
1,4766,0,5083
1,4767,0,5084
1,4768,0,5085
1,4769,0,5086
1,4770,0,5087
1,4771,0,5088
1,4772,0,5089
1,4773,0,5090
1,4774,0,5091
1,4775,0,5092
1,4776,0,5093
1,4777,0,5094
1,4778,0,5095
1,4779,0,5096
1,4780,0,5097
1,4781,0,5098
1,4782,0,5099
1,4783,0,5100
1,4784,0,5101
1,4785,0,5102
1,4786,0,5103
1,4787,0,5104
1,4788,0,5105
1,4789,0,5106
1,4790,0,5107
1,4791,0,5108
1,4792,0,5109
1,4793,0,5110
1,4794,0,5111
1,4795,0,5112
1,4796,0,5113
1,4797,0,5114
1,4798,0,5115
1,4799,0,5116
1,4800,0,5117
1,4801,0,5118
1,4802,0,5119
1,4803,0,5120
1,4804,0,5121
1,4805,0,5122
1,4806,0,5123
1,4807,0,5124
1,4808,0,5125
1,4809,0,5126
1,4810,0,5127
1,4811,0,5128
1,4812,0,5129
1,4813,0,5130
1,4814,0,5131
1,4815,0,5132
1,4816,0,5133
1,4817,0,5134
1,4818,0,5135
1,4819,0,5136
1,4820,0,5137
1,4821,0,5138
1,4822,0,5139
1,4823,0,5140
1,4824,0,5141
1,4825,0,5142
1,4826,0,5143
1,4827,0,5144
1,4828,0,5145
1,4829,0,5146
1,4830,0,5147
1,4831,0,5148
1,4832,0,5149
1,4833,0,5150
1,4834,0,5151
1,4835,0,5152
1,4836,0,5153
1,4837,0,5154
1,4838,0,5155
1,4840,0,5157
1,4841,0,5158
1,4842,0,5159
1,4843,0,5160
1,4844,0,5161
1,4845,0,5162
1,4846,0,5163
1,4847,0,5164
1,4848,0,5165
1,4849,0,5166
1,4850,0,5167
1,4851,0,5168
1,4852,0,5169
1,4853,0,5170
1,4854,0,5171
1,4855,0,5172
1,4856,0,5173
1,4857,0,5174
1,4858,0,5175
1,4859,0,5176
1,4860,0,5177
1,4861,0,5178
1,4862,0,5179
1,4863,0,5180
1,4864,0,5181
1,4865,0,5182
1,4866,0,5183
1,4867,0,5184
1,4868,0,5185
1,4869,0,5186
1,4870,0,5187
1,4871,0,5188
1,4872,0,5189
1,4873,0,5190
1,4874,0,5191
1,4875,0,5192
1,4876,0,5193
1,4877,0,5194
1,4878,0,5195
1,4879,0,5196
1,4880,0,5197
1,4881,0,5198
1,4882,0,5199
1,4883,0,5200
1,4884,0,5201
1,4885,0,5202
1,4886,0,5203
1,4887,0,5204
1,4888,0,5205
1,4889,0,5206
1,4890,0,5207
1,4891,0,5208
1,4892,0,5209
1,4893,0,5210
1,4894,0,5211
1,4895,0,5212
1,4896,0,5213
1,4897,0,5214
1,4898,0,5215
1,4899,0,5216
1,4900,0,5217
1,4901,0,5218
1,4902,0,5219
1,4903,0,5220
1,4904,0,5221
1,4905,0,5222
1,4906,0,5223
1,4907,0,5224
1,4908,0,5225
1,4909,0,5226
1,4910,0,5227
1,4911,0,5228
1,4912,0,5229
1,4913,0,5230
1,4914,0,5231
1,4915,0,5232
1,4916,0,5233
1,4917,0,5234
1,4918,0,5235
1,4919,0,5236
1,4920,0,5237
1,4921,0,5238
1,4922,0,5239
1,4923,0,5240
1,4924,0,5241
1,4925,0,5242
1,4941,0,5258
1,4942,0,5259
1,4943,0,5260
1,4944,0,5261
1,4945,0,5262
1,4946,0,5263
1,4947,0,5264
1,4961,0,5278
1,4962,0,5279
1,4963,0,5280
1,4983,0,5300
1,4984,0,5301
1,5001,0,5318
1,5002,0,5319
1,5003,0,5320
1,5004,0,5321
1,5005,0,5322
1,5006,0,5323
1,5007,0,5324
1,5008,0,5325
1,5009,0,5326
1,5010,0,5327
1,5011,0,5328
1,5012,0,5329
1,5013,0,5330
1,5014,0,5331
1,5015,0,5332
1,5016,0,5333
1,5017,0,5334
1,5018,0,5335
1,5019,0,5336
1,5020,0,5337
1,5021,0,5338
1,5022,0,5339
1,5023,0,5340
1,5024,0,5341
1,5025,0,5342
1,5026,0,5343
1,5027,0,5344
1,5028,0,5345
1,5029,0,5346
1,5030,0,5347
1,5031,0,5348
1,5032,0,5349
1,5033,0,5350
1,5034,0,5351
1,5035,0,5352
1,5036,0,5353
1,5037,0,5354
1,5038,0,5355
1,5039,0,5356
1,5040,0,5357
1,5041,0,5358
1,5042,0,5359
1,5043,0,5360
1,5044,0,5361
1,5045,0,5362
1,5046,0,5363
1,5047,0,5364
1,5048,0,5365
1,5049,0,5366
1,5050,0,5367
1,5051,0,5368
1,5052,0,5369
1,5053,0,5370
1,5054,0,5371
1,5055,0,5372
1,5056,0,5373
1,5057,0,5374
1,5058,0,5375
1,5059,0,5376
1,5060,0,5377
1,5061,0,5378
1,5062,0,5379
1,5063,0,5380
1,5064,0,5381
1,5065,0,5382
1,5066,0,5383
1,5067,0,5384
1,5068,0,5385
1,5069,0,5386
1,5070,0,5387
1,5071,0,5388
1,5072,0,5389
1,5073,0,5390
1,5074,0,5391
1,5075,0,5392
1,5076,0,5393
1,5077,0,5394
1,5078,0,5395
1,5079,0,5396
1,5080,0,5397
1,5081,0,5398
1,5082,0,5399
1,5083,0,5400
1,5084,0,5401
1,5085,0,5402
1,5086,0,5403
1,5087,0,5404
1,5088,0,5405
1,5089,0,5406
1,5090,0,5407
1,5091,0,5408
1,5092,0,5409
1,5093,0,5410
1,5094,0,5411
1,5095,0,5412
1,5096,0,5413
1,5097,0,5414
1,5098,0,5415
1,5099,0,5416
1,5100,0,5417
1,5101,0,5418
1,5102,0,5419
1,5103,0,5420
1,5104,0,5421
1,5105,0,5422
1,5106,0,5423
1,5107,0,5424
1,5108,0,5425
1,5109,0,5426
1,5110,0,5427
1,5111,0,5428
1,5112,0,5429
1,5113,0,5430
1,5114,0,5431
1,5115,0,5432
1,5116,0,5433
1,5117,0,5434
1,5118,0,5435
1,5119,0,5436
1,5120,0,5437
1,5121,0,5438
1,5122,0,5439
1,5123,0,5440
1,5124,0,5441
1,5125,0,5442
1,5126,0,5443
1,5127,0,5444
1,5128,0,5445
1,5129,0,5446
1,5130,0,5447
1,5131,0,5448
1,5132,0,5449
1,5133,0,5450
1,5134,0,5451
1,5135,0,5452
1,5136,0,5453
1,5137,0,5454
1,5138,0,5455
1,5139,0,5456
1,5140,0,5457
1,5141,0,5458
1,5142,0,5459
1,5143,0,5460
1,5144,0,5461
1,5145,0,5462
1,5146,0,5463
1,5147,0,5464
1,5148,0,5465
1,5149,0,5466
1,5150,0,5467
1,5151,0,5468
1,5152,0,5469
1,5153,0,5470
1,5154,0,5471
1,5155,0,5472
1,5156,0,5473
1,5157,0,5474
1,5158,0,5475
1,5159,0,5476
1,5160,0,5477
1,5161,0,5478
1,5162,0,5479
1,5163,0,5480
1,5164,0,5481
1,5165,0,5482
1,5166,0,5483
1,5167,0,5484
1,5168,0,5485
1,5169,0,5486
1,5170,0,5487
1,5171,0,5488
1,5172,0,5489
1,5173,0,5490
1,5174,0,5491
1,5175,0,5492
1,5176,0,5493
1,5177,0,5494
1,5178,0,5495
1,5179,0,5496
1,5180,0,5497
1,5181,0,5498
1,5182,0,5499
1,5183,0,5500
1,5184,0,5501
1,5185,0,5502
1,5186,0,5503
1,5187,0,5504
1,5188,0,5505
1,5189,0,5506
1,5190,0,5507
1,5191,0,5508
1,5192,0,5509
1,5193,0,5510
1,5194,0,5511
1,5195,0,5512
1,5196,0,5513
1,5197,0,5514
1,5198,0,5515
1,5199,0,5516
1,5200,0,5517
1,5201,0,5518
1,5202,0,5519
1,5203,0,5520
1,5204,0,5521
1,5205,0,5522
1,5206,0,5523
1,5207,0,5524
1,5208,0,5525
1,5209,0,5526
1,5210,0,5527
1,5211,0,5528
1,5212,0,5529
1,5213,0,5530
1,5214,0,5531
1,5215,0,5532
1,5216,0,5533
1,5217,0,5534
1,5218,0,5535
1,5219,0,5536
1,5220,0,5537
1,5221,0,5538
1,5222,0,5539
1,5223,0,5540
1,5224,0,5541
1,5225,0,5542
1,5226,0,5543
1,5227,0,5544
1,5228,0,5545
1,5229,0,5546
1,5230,0,5547
1,5231,0,5548
1,5232,0,5549
1,5233,0,5550
1,5234,0,5551
1,5235,0,5552
1,5236,0,5553
1,5237,0,5554
1,5238,0,5555
1,5239,0,5556
1,5240,0,5557
1,5241,0,5558
1,5242,0,5559
1,5243,0,5560
1,5244,0,5561
1,5245,0,5562
1,5246,0,5563
1,5247,0,5564
1,5248,0,5565
1,5249,0,5566
1,5250,0,5567
1,5251,0,5568
1,5252,0,5569
1,5253,0,5570
1,5254,0,5571
1,5255,0,5572
1,5256,0,5573
1,5257,0,5574
1,5258,0,5575
1,5259,0,5576
1,5260,0,5577
1,5261,0,5578
1,5262,0,5579
1,5263,0,5580
1,5264,0,5581
1,5265,0,5582
1,5266,0,5583
1,5267,0,5584
1,5268,0,5585
1,5269,0,5586
1,5270,0,5587
1,5271,0,5588
1,5272,0,5589
1,5273,0,5590
1,5274,0,5591
1,5275,0,5592
1,5276,0,5593
1,5277,0,5594
1,5278,0,5595
1,5279,0,5596
1,5280,0,5597
1,5281,0,5598
1,5282,0,5599
1,5283,0,5600
1,5284,0,5601
1,5285,0,5602
1,5286,0,5603
1,5287,0,5604
1,5288,0,5605
1,5289,0,5606
1,5290,0,5607
1,5291,0,5608
1,5292,0,5609
1,5293,0,5610
1,5294,0,5611
1,5295,0,5612
1,5296,0,5613
1,5297,0,5614
1,5298,0,5615
1,5299,0,5616
1,5300,0,5617
1,5301,0,5618
1,5302,0,5619
1,5303,0,5620
1,5304,0,5621
1,5305,0,5622
1,5306,0,5623
1,5307,0,5624
1,5308,0,5625
1,5309,0,5626
1,5310,0,5627
1,5311,0,5628
1,5312,0,5629
1,5313,0,5630
1,5314,0,5631
1,5315,0,5632
1,5316,0,5633
1,5317,0,5634
1,5318,0,5635
1,5319,0,5636
1,5320,0,5637
1,5321,0,5638
1,5322,0,5639
1,5323,0,5640
1,5324,0,5641
1,5325,0,5642
1,5326,0,5643
1,5327,0,5644
1,5328,0,5645
1,5329,0,5646
1,5330,0,5647
1,5331,0,5648
1,5332,0,5649
1,5333,0,5650
1,5334,0,5651
1,5335,0,5652
1,5336,0,5653
1,5337,0,5654
1,5338,0,5655
1,5339,0,5656
1,5340,0,5657
1,5341,0,5658
1,5342,0,5659
1,5343,0,5660
1,5344,0,5661
1,5345,0,5662
1,5346,0,5663
1,5347,0,5664
1,5348,0,5665
1,5349,0,5666
1,5350,0,5667
1,5351,0,5668
1,5352,0,5669
1,5353,0,5670
1,5354,0,5671
1,5355,0,5672
1,5356,0,5673
1,5357,0,5674
1,5358,0,5675
1,5359,0,5676
1,5360,0,5677
1,5361,0,5678
1,5362,0,5679
1,5363,0,5680
1,5364,0,5681
1,5365,0,5682
1,5366,0,5683
1,5367,0,5684
1,5401,0,5718
1,5402,0,5719
1,5403,0,5720
1,5404,0,5721
1,5405,0,5722
1,5406,0,5723
1,5407,0,5724
1,5408,0,5725
1,5409,0,5726
1,5410,0,5727
1,5411,0,5728
1,5412,0,5729
1,5413,0,5730
1,5414,0,5731
1,5415,0,5732
1,5416,0,5733
1,5417,0,5734
2,50,0,66
2,53,0,73
2,109,0,124
2,110,0,125
2,111,0,126
2,114,0,129
2,119,0,134
2,120,0,135
2,121,0,136
2,122,0,137
2,123,0,138
2,124,0,139
2,125,0,140
2,126,0,141
2,127,0,142
2,128,0,143
2,129,0,144
2,130,0,145
2,131,0,146
2,132,0,147
2,133,0,148
2,134,0,149
2,135,0,150
2,136,0,151
2,137,0,152
2,138,0,153
2,139,0,154
2,140,0,155
2,141,0,156
2,142,0,157
2,143,0,158
2,144,0,159
2,145,0,160
2,146,0,161
2,147,0,162
2,148,0,163
2,149,0,164
2,150,0,165
2,151,0,166
2,152,0,167
2,153,0,168
2,154,0,169
2,155,0,170
2,156,0,171
2,157,0,172
2,158,0,173
2,159,0,174
2,160,0,175
2,161,0,176
2,162,0,177
2,163,0,178
2,164,0,179
2,165,0,180
2,186,0,181
2,197,0,182
2,208,0,183
2,229,0,184
2,230,0,185
2,231,0,186
2,232,0,187
2,233,0,188
2,234,0,189
2,235,0,190
2,236,0,191
2,237,0,192
2,238,0,193
2,239,0,194
2,240,0,195
2,241,0,196
2,242,0,197
2,243,0,198
2,244,0,199
2,245,0,200
2,246,0,201
2,247,0,202
2,248,0,203
2,249,0,204
2,250,0,205
2,251,0,206
2,252,0,207
2,253,0,208
2,254,0,209
2,255,0,210
2,256,0,211
2,257,0,212
2,258,0,213
2,260,0,215
2,261,0,216
2,262,0,217
2,263,0,218
2,264,0,219
2,265,0,221
2,266,0,222
2,267,0,223
2,268,0,224
2,269,0,225
2,270,0,226
2,271,0,227
2,272,0,228
2,273,0,229
2,274,0,230
2,275,0,231
2,276,0,232
2,277,0,233
2,278,0,234
2,279,0,235
2,280,0,236
2,281,0,237
2,282,0,238
2,283,0,239
2,284,0,240
2,285,0,241
2,286,0,242
2,287,0,243
2,288,0,244
2,289,0,245
2,290,0,246
2,291,0,247
2,292,0,248
2,293,0,249
2,294,0,250
2,422,0,295
2,423,0,296
2,424,0,297
2,425,0,298
2,426,0,299
2,461,0,339
2,501,0,381
2,502,0,382
2,561,0,466
2,562,0,465
2,582,0,498
2,583,0,499
2,603,0,540
2,604,0,541
2,661,0,600
2,683,0,643
2,881,0,962
2,901,0,999
2,1581,0,1755
2,1582,0,1756
2,1583,0,1757
2,1584,0,1759
2,1585,0,1758
2,1586,0,1760
2,1587,0,1761
2,1588,0,1762
2,1589,0,1763
2,1590,0,1764
2,1591,0,1765
2,1592,0,1767
2,1593,0,1766
2,1594,0,1768
2,1595,0,1769
2,1596,0,1770
2,1597,0,1771
2,1598,0,1772
2,1599,0,1773
2,1600,0,1774
2,1601,0,1775
2,1602,0,1776
2,1603,0,1777
2,1604,0,1778
2,1605,0,1779
2,1606,0,1780
2,1607,0,1781
2,1608,0,1782
2,1609,0,1783
2,1610,0,1784
2,1611,0,1785
2,1612,0,1788
2,1613,0,1786
2,1614,0,1787
2,1615,0,1789
2,1616,0,1790
2,1617,0,1791
2,1618,0,1792
2,1620,0,1793
2,1621,0,1794
2,1622,0,1795
2,1623,0,1796
2,1624,0,1798
2,1625,0,1797
2,1626,0,1799
2,1627,0,1800
2,1628,0,1801
2,1629,0,1802
2,1630,0,1803
2,1631,0,1804
2,1632,0,1810
2,1633,0,1805
2,1634,0,1806
2,1635,0,1807
2,1636,0,1808
2,1637,0,1809
2,1821,0,2141
2,1823,0,2143
2,4021,0,4350
2,4022,0,4345
2,4023,0,4348
2,4024,0,4347
2,4025,0,4349
2,4026,0,4346
2,4027,0,4351
2,4028,0,4353
2,4421,0,4739
2,5381,0,5699
2,388,0,69
2,389,0,69
2,390,0,70
2,399,0,69
2,388,0,71
2,389,0,71
2,390,0,72
2,399,0,71
2,388,0,69
2,389,0,69
2,390,0,70
2,399,0,69
2,388,0,69
2,389,0,69
2,390,0,70
2,399,0,69
2,388,0,69
2,389,0,69
2,390,0,70
2,399,0,69
2,37,0,43
2,38,0,44
2,39,0,45
2,40,0,46
2,41,0,47
2,42,0,48
2,43,0,49
2,44,0,50
2,303,0,251
2,314,0,252
2,327,0,253
2,328,0,254
2,339,0,255
2,340,0,256
2,341,0,257
2,342,0,258
2,376,0,259
2,386,0,260
2,388,0,261
2,389,0,262
2,390,0,263
2,391,0,264
2,392,0,265
2,393,0,266
2,394,0,267
2,395,0,268
2,396,0,269
2,397,0,270
2,398,0,271
2,400,0,273
2,401,0,274
2,402,0,275
2,403,0,276
2,404,0,277
2,405,0,278
2,406,0,279
2,407,0,280
2,408,0,281
2,409,0,282
2,410,0,283
2,411,0,284
2,412,0,285
2,413,0,286
2,414,0,287
2,415,0,288
2,416,0,289
2,417,0,290
2,418,0,291
2,419,0,292
2,420,0,293
2,421,0,294
2,481,0,369
2,482,0,368
2,483,0,370
2,490,0,371
2,503,0,383
2,563,0,469
2,564,0,468
2,565,0,470
2,566,0,471
2,567,0,472
2,741,0,760
2,742,0,761
2,761,0,800
2,762,0,801
2,801,0,859
2,821,0,886
2,822,0,887
2,823,0,890
2,824,0,889
2,825,0,891
2,826,0,892
2,827,0,888
2,828,0,893
2,842,0,938
2,1201,0,1319
2,1465,0,1590
2,1466,0,1591
2,1467,0,1592
2,1468,0,1593
2,1721,0,2039
2,4462,0,4941
3,1,0,703
3,6,0,704
3,10,0,705
3,11,0,707
3,12,0,708
3,14,0,2021
3,15,0,718
3,17,0,2022
3,18,0,719
3,19,0,720
3,21,0,2023
3,22,0,721
3,23,0,722
3,25,0,2025
3,26,0,723
3,27,0,725
3,29,0,2024
3,30,0,726
3,46,0,727
3,47,0,860
3,47,1,860
3,51,0,1098
3,54,0,728
3,55,0,729
3,56,0,927
3,64,0,1101
3,75,0,730
3,76,0,731
3,77,0,732
3,80,0,733
3,81,0,734
3,82,0,736
3,85,0,735
3,86,0,737
3,87,0,738
3,90,0,739
3,91,0,740
3,92,0,741
3,99,0,701
3,99,1,701
3,112,0,742
3,113,0,743
3,115,0,922
3,430,0,838
3,431,0,750
3,432,0,928
3,435,0,699
3,435,1,699
3,436,0,702
3,436,1,702
3,437,0,698
3,437,1,698
3,438,0,700
3,438,1,700
3,485,0,746
3,486,0,747
3,487,0,748
3,488,0,749
3,521,0,751
3,522,0,745
3,523,0,744
3,743,0,783
3,745,0,786
3,746,0,785
3,747,0,784
3,748,0,923
3,781,0,926
3,782,0,925
3,861,0,924
3,862,0,1100
3,941,0,1060
3,942,0,1059
3,961,0,1089
3,962,0,1090
3,963,0,1091
3,964,0,1092
3,965,0,1093
3,1044,0,1169
3,1046,0,1170
3,1063,0,1209
3,1064,0,1210
3,1065,0,1211
3,1066,0,1212
3,1067,0,1213
3,1068,0,1214
3,1069,0,1215
3,1070,0,1216
3,1081,0,1922
3,1082,0,1923
3,1083,0,1924
3,1084,0,1926
3,1085,0,1925
3,1086,0,1906
3,1087,0,743
3,1088,0,1911
3,1089,0,1928
3,1101,0,1929
3,1102,0,1930
3,1121,0,1931
3,1141,0,1260
3,1222,0,1343
3,1301,0,1423
3,1301,1,1423
3,1341,0,1462
3,1342,0,1465
3,1343,0,1468
3,1402,0,1529
3,1403,0,1530
3,1404,0,1531
3,1405,0,1532
3,1406,0,1533
3,1407,0,1534
3,1408,0,1535
3,1409,0,1536
3,1410,0,1527
3,1481,0,1602
3,1482,0,1603
3,1501,0,1620
3,1501,1,1620
3,1521,0,1640
3,1541,0,1667
3,1542,0,1668
3,1543,0,1666
3,1544,0,1669
3,1561,0,1681
3,1661,0,1905
3,1662,0,1915
3,1663,0,1921
3,1665,0,1910
3,1666,0,1909
3,1667,0,1907
3,1668,0,1908
3,1669,0,1914
3,1670,0,1913
3,1671,0,1916
3,1672,0,1917
3,1673,0,1918
3,1674,0,1919
3,1681,0,2018
3,1682,0,2019
3,1701,0,2020
3,1702,0,2026
3,1741,0,2060
3,1781,0,2099
5,4701,0,5021
5,4701,0,5022
